currentConfirmedCount,confirmedCount,suspectedCount,curedCount,deadCount,seriousCount,suspectedIncr,currentConfirmedIncr,confirmedIncr,curedIncr,deadIncr,seriousIncr,updateTime
53202,76395,5365,20845,2348,11477,1361,-2273,402,2566,109,-156,2020-02-22
53205,76395,5365,20842,2348,11477,1361,-2270,402,2563,109,-156,2020-02-22
53206,76395,5365,20841,2348,11477,1361,-2269,402,2562,109,-156,2020-02-22
53213,76395,5365,20834,2348,11477,1361,-2262,402,2555,109,-156,2020-02-22
53212,76394,5365,20834,2348,11477,1361,-2263,401,2555,109,-156,2020-02-22
53227,76394,5365,20819,2348,11477,1361,-2248,401,2540,109,-156,2020-02-22
53232,76394,5365,20814,2348,11477,1361,-2243,401,2535,109,-156,2020-02-22
53238,76394,5365,20808,2348,11477,1361,-2237,401,2529,109,-156,2020-02-22
53249,76394,5365,20797,2348,11477,1361,-2226,401,2518,109,-156,2020-02-22
53252,76394,5365,20794,2348,11477,1361,-2223,401,2515,109,-156,2020-02-22
53255,76394,5365,20791,2348,11477,1361,-2220,401,2512,109,-156,2020-02-22
53254,76394,5365,20792,2348,11477,1361,-2221,401,2513,109,-156,2020-02-22
53273,76394,5365,20773,2348,11477,1361,-2202,401,2494,109,-156,2020-02-22
53305,76394,5365,20741,2348,11477,1361,-2170,401,2462,109,-156,2020-02-22
53321,76394,5365,20725,2348,11477,1361,-2154,401,2446,109,-156,2020-02-22
53330,76394,5365,20716,2348,11477,1361,-2145,401,2437,109,-156,2020-02-22
53337,76394,5365,20709,2348,11477,1361,-2138,401,2430,109,-156,2020-02-22
53361,76394,5365,20685,2348,11477,1361,-2114,401,2406,109,-156,2020-02-22
53372,76394,5365,20674,2348,11477,1361,-2103,401,2395,109,-156,2020-02-22
53372,76394,5365,20674,2348,11477,1361,-2103,401,2395,109,-156,2020-02-22
53370,76392,5365,20674,2348,11477,1361,-2105,399,2395,109,-156,2020-02-22
53373,76395,5365,20674,2348,11477,1361,-2102,402,2395,109,-156,2020-02-22
53374,76395,5365,20673,2348,11477,1361,-2101,402,2394,109,-156,2020-02-22
53371,76392,5365,20673,2348,11477,1361,-2104,399,2394,109,-156,2020-02-22
53371,76392,5365,20673,2348,11477,1361,-2104,399,2394,109,-156,2020-02-22
53371,76392,5365,20673,2348,11477,1361,-2104,399,2394,109,-156,2020-02-22
55033,76006,5206,18733,2240,11633,,,,,,,2020-02-22
55033,76006,5206,18733,2240,11633,,,,,,,2020-02-22
55033,76006,5206,18733,2240,11633,,,,,,,2020-02-22
55049,76003,5206,18714,2240,11633,,,,,,,2020-02-22
54631,75577,5206,18706,2240,11633,,,,,,,2020-02-22
54631,75576,5206,18706,2239,11633,,,,,,,2020-02-22
54633,75576,5206,18704,2239,11633,,,,,,,2020-02-22
54645,75571,5206,18687,2239,11633,1614,-1741,896,2519,118,-231,2020-02-21
54651,75571,5206,18681,2239,11633,1614,-1735,896,2513,118,-231,2020-02-21
54653,75571,5206,18679,2239,11633,1614,-1733,896,2511,118,-231,2020-02-21
54654,75571,5206,18678,2239,11633,1614,-1732,896,2510,118,-231,2020-02-21
54662,75571,5206,18670,2239,11633,1614,-1724,896,2502,118,-231,2020-02-21
54678,75571,5206,18654,2239,11633,1614,-1708,896,2486,118,-231,2020-02-21
54704,75571,5206,18628,2239,11633,1614,-1682,896,2460,118,-231,2020-02-21
54710,75571,5206,18622,2239,11633,1614,-1676,896,2454,118,-231,2020-02-21
54702,75571,5206,18630,2239,11633,1614,-1684,896,2462,118,-231,2020-02-21
54705,75571,5206,18627,2239,11633,1614,-1681,896,2459,118,-231,2020-02-21
54709,75571,5206,18623,2239,11633,1614,-1677,896,2455,118,-231,2020-02-21
54711,75571,5206,18621,2239,11633,1614,-1675,896,2453,118,-231,2020-02-21
54712,75571,5206,18620,2239,11633,1614,-1674,896,2452,118,-231,2020-02-21
54718,75571,5206,18614,2239,11633,1614,-1668,896,2446,118,-231,2020-02-21
54730,75571,5206,18602,2239,11633,1614,-1656,896,2434,118,-231,2020-02-21
54789,75571,5206,18543,2239,11633,1614,-1597,896,2375,118,-231,2020-02-21
54810,75571,5206,18522,2239,11633,1614,-1576,896,2354,118,-231,2020-02-21
54826,75571,5206,18506,2239,11633,1614,-1560,896,2338,118,-231,2020-02-21
54852,75571,5206,18480,2239,11633,1614,-1534,896,2312,118,-231,2020-02-21
54942,75571,5206,18390,2239,11633,1614,-1444,896,2222,118,-231,2020-02-21
54947,75571,5206,18385,2239,11633,1614,-1439,896,2217,118,-231,2020-02-21
54961,75571,5206,18371,2239,11633,1614,-1425,896,2203,118,-231,2020-02-21
54960,75570,5206,18371,2239,11633,1614,-1426,895,2203,118,-231,2020-02-21
54961,75570,5206,18370,2239,11633,1614,-1425,895,2202,118,-231,2020-02-21
54959,75568,5206,18370,2239,11633,1614,-1427,893,2202,118,-231,2020-02-21
54958,75567,5206,18370,2239,11633,1614,-1428,892,2202,118,-231,2020-02-21
54962,75567,5206,18366,2239,11633,1614,-1424,892,2198,118,-231,2020-02-21
54979,75567,5206,18349,2239,11633,1614,-1407,892,2181,118,-231,2020-02-21
54982,75567,5206,18346,2239,11633,1614,-1404,892,2178,118,-231,2020-02-21
55016,75567,5206,18312,2239,11633,1614,-1370,892,2144,118,-231,2020-02-21
55016,75567,5206,18312,2239,11633,1614,-1370,892,2144,118,-231,2020-02-21
55022,75567,5206,18306,2239,11633,1614,-1364,892,2138,118,-231,2020-02-21
55022,75567,5206,18306,2239,11633,1614,-1364,892,2138,118,-231,2020-02-21
55025,75567,5206,18303,2239,11633,1614,-1361,892,2135,118,-231,2020-02-21
55028,75567,5206,18300,2239,11633,1614,-1358,892,2132,118,-231,2020-02-21
55048,75567,5206,18280,2239,11633,1614,-1338,892,2112,118,-231,2020-02-21
55050,75567,5206,18278,2239,11633,1614,-1336,892,2110,118,-231,2020-02-21
55050,75567,5206,18278,2239,11633,1614,-1336,892,2110,118,-231,2020-02-21
55049,75567,5206,18279,2239,11633,1614,-1337,892,2111,118,-231,2020-02-21
55049,75567,5206,18279,2239,11633,1614,-1337,892,2111,118,-231,2020-02-21
55051,75567,5206,18277,2239,11633,1614,-1335,892,2109,118,-231,2020-02-21
55051,75567,5206,18277,2239,11633,1614,-1335,892,2109,118,-231,2020-02-21
55051,75567,5206,18277,2239,11633,1614,-1335,892,2109,118,-231,2020-02-21
55051,75567,5206,18277,2239,11633,1614,-1335,892,2109,118,-231,2020-02-21
55051,75567,5206,18277,2239,11633,1614,-1335,892,2109,118,-231,2020-02-21
54633,75116,4922,18244,2239,11864,,,,,,,2020-02-21
54633,75116,4922,18244,2239,11864,,,,,,,2020-02-21
54654,75115,4922,18222,2239,11864,,,,,,,2020-02-21
54710,75115,4922,18166,2239,11864,,,,,,,2020-02-21
54721,75114,4922,18154,2239,11864,,,,,,,2020-02-21
54725,75109,4922,18145,2239,11864,,,,,,,2020-02-21
54828,75106,4922,18039,2239,11864,,,,,,,2020-02-21
54836,75106,4922,18031,2239,11864,,,,,,,2020-02-21
54839,75106,4922,18028,2239,11864,,,,,,,2020-02-21
54843,75105,4922,18023,2239,11864,,,,,,,2020-02-21
54846,75102,4922,18017,2239,11864,,,,,,,2020-02-21
54846,75101,4922,18016,2239,11864,,,,,,,2020-02-21
55817,74690,4922,16749,2124,11864,,,,,,,2020-02-21
55816,74689,4922,16749,2124,11864,,,,,,,2020-02-21
55835,74682,4922,16724,2123,11864,,,,,,,2020-02-21
55837,74680,4922,16721,2122,11864,1277,-2046,404,2334,116,-113,2020-02-20
55837,74680,4922,16721,2122,11864,1277,-2046,404,2334,116,-113,2020-02-20
55845,74680,4922,16713,2122,11864,1277,-2038,404,2326,116,-113,2020-02-20
55846,74680,4922,16712,2122,11864,1277,-2037,404,2325,116,-113,2020-02-20
55860,74680,4922,16698,2122,11864,1277,-2023,404,2311,116,-113,2020-02-20
55863,74680,4922,16695,2122,11864,1277,-2020,404,2308,116,-113,2020-02-20
55862,74679,4922,16695,2122,11864,1277,-2021,403,2308,116,-113,2020-02-20
55868,74679,4922,16689,2122,11864,1277,-2015,403,2302,116,-113,2020-02-20
55857,74679,4922,16700,2122,11864,1277,-2026,403,2313,116,-113,2020-02-20
55871,74679,4922,16686,2122,11864,1277,-2012,403,2299,116,-113,2020-02-20
55876,74679,4922,16681,2122,11864,1277,-2007,403,2294,116,-113,2020-02-20
55874,74679,4922,16683,2122,11864,1277,-2009,403,2296,116,-113,2020-02-20
55881,74679,4922,16676,2122,11864,1277,-2002,403,2289,116,-113,2020-02-20
55882,74679,4922,16675,2122,11864,1277,-2001,403,2288,116,-113,2020-02-20
55894,74679,4922,16663,2122,11864,1277,-1989,403,2276,116,-113,2020-02-20
55896,74679,4922,16661,2122,11864,1277,-1987,403,2274,116,-113,2020-02-20
55900,74679,4922,16657,2122,11864,1277,-1983,403,2270,116,-113,2020-02-20
55915,74679,4922,16642,2122,11864,1277,-1968,403,2255,116,-113,2020-02-20
55918,74679,4922,16639,2122,11864,1277,-1965,403,2252,116,-113,2020-02-20
55920,74679,4922,16637,2122,11864,1277,-1963,403,2250,116,-113,2020-02-20
55935,74679,4922,16622,2122,11864,1277,-1948,403,2235,116,-113,2020-02-20
55944,74679,4922,16613,2122,11864,1277,-1939,403,2226,116,-113,2020-02-20
55942,74677,4922,16613,2122,11864,1277,-1941,401,2226,116,-113,2020-02-20
56190,74677,4922,16365,2122,11864,1277,-1693,401,1978,116,-113,2020-02-20
56191,74677,4922,16365,2121,11864,1277,-1692,401,1978,115,-113,2020-02-20
56237,74677,4922,16319,2121,11864,1277,-1646,401,1932,115,-113,2020-02-20
56271,74677,4922,16285,2121,11864,1277,-1612,401,1898,115,-113,2020-02-20
56269,74677,4922,16287,2121,11864,1277,-1614,401,1900,115,-113,2020-02-20
56268,74677,4922,16288,2121,11864,1277,-1615,401,1901,115,-113,2020-02-20
56270,74677,4922,16286,2121,11864,1277,-1613,401,1899,115,-113,2020-02-20
56269,74676,4922,16286,2121,11864,1277,-1614,400,1899,115,-113,2020-02-20
56268,74676,4922,16287,2121,11864,1277,-1615,400,1900,115,-113,2020-02-20
56289,74676,4922,16266,2121,11864,1277,-1594,400,1879,115,-113,2020-02-20
56300,74675,4922,16254,2121,11864,1277,-1583,399,1867,115,-113,2020-02-20
56362,74675,4922,16192,2121,11864,1277,-1521,399,1805,115,-113,2020-02-20
56362,74675,4922,16192,2121,11864,1277,-1521,399,1805,115,-113,2020-02-20
56362,74675,4922,16192,2121,11864,1277,-1521,399,1805,115,-113,2020-02-20
56362,74675,4922,16192,2121,11864,1277,-1521,399,1805,115,-113,2020-02-20
56385,74675,4922,16169,2121,11864,1277,-1498,399,1782,115,-113,2020-02-20
56385,74675,4922,16169,2121,11864,1277,-1498,399,1782,115,-113,2020-02-20
56385,74675,4922,16169,2121,11864,1277,-1498,399,1782,115,-113,2020-02-20
56385,74675,4922,16169,2121,11864,1277,-1498,399,1782,115,-113,2020-02-20
56385,74675,4922,16169,2121,11864,1277,-1498,399,1782,115,-113,2020-02-20
56385,74675,4922,16169,2121,11864,1277,-1498,399,1782,115,-113,2020-02-20
56385,74675,4922,16169,2121,11864,1277,-1498,399,1782,115,-113,2020-02-20
56385,74675,5248,16169,2121,11977,,,,,,,2020-02-20
56385,74674,5248,16168,2121,11977,,,,,,,2020-02-20
56385,74674,5248,16168,2121,11977,,,,,,,2020-02-20
56384,74669,5248,16165,2120,11977,,,,,,,2020-02-20
56390,74667,5248,16157,2120,11977,,,,,,,2020-02-20
56391,74667,5248,16156,2120,11977,,,,,,,2020-02-20
56394,74667,5248,16153,2120,11977,,,,,,,2020-02-20
56398,74666,5248,16148,2120,11977,,,,,,,2020-02-20
56502,74663,5248,16041,2120,11977,,,,,,,2020-02-20
56503,74663,5248,16041,2119,11977,,,,,,,2020-02-20
56505,74662,5248,16038,2119,11977,,,,,,,2020-02-20
56515,74661,5248,16027,2119,11977,,,,,,,2020-02-20
56553,74658,5248,15986,2119,11977,,,,,,,2020-02-20
56557,74652,5248,15976,2119,11977,,,,,,,2020-02-20
56563,74650,5248,15969,2118,11977,,,,,,,2020-02-20
56564,74650,5248,15968,2118,11977,,,,,,,2020-02-20
56564,74649,5248,15967,2118,11977,,,,,,,2020-02-20
56561,74642,5248,15964,2117,11977,,,,,,,2020-02-20
56566,74642,5248,15959,2117,11977,,,,,,,2020-02-20
56562,74638,5248,15959,2117,11977,,,,,,,2020-02-20
57322,74289,5248,14958,2009,11977,,,,,,,2020-02-20
57337,74284,5248,14938,2009,11977,1185,-760,1756,2377,139,236,2020-02-19
57349,74284,5248,14926,2009,11977,1185,-748,1756,2365,139,236,2020-02-19
57381,74284,5248,14894,2009,11977,1185,-716,1756,2333,139,236,2020-02-19
57381,74284,5248,14894,2009,11977,1185,-716,1756,2333,139,236,2020-02-19
57391,74284,5248,14884,2009,11977,1185,-706,1756,2323,139,236,2020-02-19
57389,74282,5248,14884,2009,11977,1185,-708,1754,2323,139,236,2020-02-19
57390,74282,5248,14883,2009,11977,1185,-707,1754,2322,139,236,2020-02-19
57393,74282,5248,14880,2009,11977,1185,-704,1754,2319,139,236,2020-02-19
57396,74282,5248,14877,2009,11977,1185,-701,1754,2316,139,236,2020-02-19
57400,74282,5248,14873,2009,11977,1185,-697,1754,2312,139,236,2020-02-19
57465,74282,5248,14808,2009,11977,1185,-632,1754,2247,139,236,2020-02-19
57503,74282,5248,14770,2009,11977,1185,-594,1754,2209,139,236,2020-02-19
57507,74282,5248,14766,2009,11977,1185,-590,1754,2205,139,236,2020-02-19
57508,74282,5248,14765,2009,11977,1185,-589,1754,2204,139,236,2020-02-19
57514,74282,5248,14759,2009,11977,1185,-583,1754,2198,139,236,2020-02-19
57518,74282,5248,14755,2009,11977,1185,-579,1754,2194,139,236,2020-02-19
57525,74282,5248,14748,2009,11977,1185,-572,1754,2187,139,236,2020-02-19
57532,74282,5248,14741,2009,11977,1185,-565,1754,2180,139,236,2020-02-19
57531,74281,5248,14741,2009,11977,1185,-566,1753,2180,139,236,2020-02-19
57538,74281,5248,14734,2009,11977,1185,-559,1753,2173,139,236,2020-02-19
57541,74281,5248,14731,2009,11977,1185,-556,1753,2170,139,236,2020-02-19
57545,74281,5248,14727,2009,11977,1185,-552,1753,2166,139,236,2020-02-19
57550,74281,5248,14722,2009,11977,1185,-547,1753,2161,139,236,2020-02-19
57557,74281,5248,14715,2009,11977,1185,-540,1753,2154,139,236,2020-02-19
57569,74281,5248,14703,2009,11977,1185,-528,1753,2142,139,236,2020-02-19
57580,74281,5248,14692,2009,11977,1185,-517,1753,2131,139,236,2020-02-19
57589,74281,5248,14683,2009,11977,1185,-508,1753,2122,139,236,2020-02-19
57612,74281,5248,14660,2009,11977,1185,-485,1753,2099,139,236,2020-02-19
57613,74281,5248,14659,2009,11977,1185,-484,1753,2098,139,236,2020-02-19
57625,74281,5248,14647,2009,11977,1185,-472,1753,2086,139,236,2020-02-19
57644,74281,5248,14628,2009,11977,1185,-453,1753,2067,139,236,2020-02-19
57643,74280,5248,14628,2009,11977,1185,-454,1752,2067,139,236,2020-02-19
57665,74280,5248,14606,2009,11977,1185,-432,1752,2045,139,236,2020-02-19
57696,74280,5248,14575,2009,11977,1185,-401,1752,2014,139,236,2020-02-19
57700,74280,5248,14571,2009,11977,1185,-397,1752,2010,139,236,2020-02-19
57706,74280,5248,14565,2009,11977,1185,-391,1752,2004,139,236,2020-02-19
57712,74280,5248,14559,2009,11977,1185,-385,1752,1998,139,236,2020-02-19
57726,74280,5248,14545,2009,11977,1185,-371,1752,1984,139,236,2020-02-19
57740,74280,5248,14531,2009,11977,1185,-357,1752,1970,139,236,2020-02-19
57766,74280,5248,14505,2009,11977,1185,-331,1752,1944,139,236,2020-02-19
57771,74280,5248,14500,2009,11977,1185,-326,1752,1939,139,236,2020-02-19
57773,74280,5248,14498,2009,11977,1185,-324,1752,1937,139,236,2020-02-19
57786,74280,5248,14485,2009,11977,1185,-311,1752,1924,139,236,2020-02-19
57787,74280,5248,14485,2008,11977,1185,-310,1752,1924,138,236,2020-02-19
57790,74280,5248,14482,2008,11977,1185,-307,1752,1921,138,236,2020-02-19
57790,74280,5248,14482,2008,11977,1185,-307,1752,1921,138,236,2020-02-19
57812,74280,5248,14461,2007,11977,1185,-285,1752,1900,137,236,2020-02-19
57812,74280,5248,14461,2007,11977,1185,-285,1752,1900,137,236,2020-02-19
57885,74280,5248,14388,2007,11977,1185,-212,1752,1827,137,236,2020-02-19
57886,74280,5248,14388,2006,11977,1185,-211,1752,1827,136,236,2020-02-19
57885,74279,5248,14388,2006,11977,1185,-212,1751,1827,136,236,2020-02-19
57885,74279,5248,14388,2006,11977,1185,-212,1751,1827,136,236,2020-02-19
57885,74279,5248,14388,2006,11977,1185,-212,1751,1827,136,236,2020-02-19
57886,74279,5248,14387,2006,11977,1185,-211,1751,1826,136,236,2020-02-19
57886,74279,5248,14387,2006,11977,1185,-211,1751,1826,136,236,2020-02-19
57886,74279,5248,14387,2006,11977,1185,-211,1751,1826,136,236,2020-02-19
58022,74242,6242,14215,2005,11741,,,,,,,2020-02-19
58022,74242,6242,14215,2005,11741,,,,,,,2020-02-19
58017,74236,6242,14215,2004,11741,,,,,,,2020-02-19
58022,74234,6242,14208,2004,11741,,,,,,,2020-02-19
58021,74233,6242,14208,2004,11741,,,,,,,2020-02-19
58017,74229,6242,14208,2004,11741,,,,,,,2020-02-19
58016,74228,6242,14208,2004,11741,,,,,,,2020-02-19
58033,74226,6242,14189,2004,11741,,,,,,,2020-02-19
58033,74225,6242,14188,2004,11741,,,,,,,2020-02-19
57657,72532,6242,13003,1872,11741,1432,-348,1895,2143,100,1097,2020-02-18
57657,72532,6242,13003,1872,11741,1432,-348,1895,2143,100,1097,2020-02-18
57657,72532,6242,13003,1872,11741,1432,-348,1895,2143,100,1097,2020-02-18
57658,72532,6242,13002,1872,11741,1432,-347,1895,2142,100,1097,2020-02-18
57661,72532,6242,12999,1872,11741,1432,-344,1895,2139,100,1097,2020-02-18
57665,72532,6242,12995,1872,11741,1432,-340,1895,2135,100,1097,2020-02-18
57666,72533,6242,12995,1872,11741,1432,-339,1896,2135,100,1097,2020-02-18
57665,72532,6242,12995,1872,11741,1432,-340,1895,2135,100,1097,2020-02-18
57665,72532,6242,12995,1872,11741,1432,-340,1895,2135,100,1097,2020-02-18
57702,72531,6242,12957,1872,11741,1432,-303,1894,2097,100,1097,2020-02-18
57703,72531,6242,12957,1871,11741,1432,-302,1894,2097,99,1097,2020-02-18
57710,72531,6242,12950,1871,11741,1432,-295,1894,2090,99,1097,2020-02-18
57714,72531,6242,12946,1871,11741,1432,-291,1894,2086,99,1097,2020-02-18
57718,72531,6242,12942,1871,11741,1432,-287,1894,2082,99,1097,2020-02-18
57719,72531,6242,12941,1871,11741,1432,-286,1894,2081,99,1097,2020-02-18
57725,72531,6242,12935,1871,11741,1432,-280,1894,2075,99,1097,2020-02-18
57727,72531,6242,12933,1871,11741,1432,-278,1894,2073,99,1097,2020-02-18
57732,72531,6242,12928,1871,11741,1432,-273,1894,2068,99,1097,2020-02-18
57755,72531,6242,12905,1871,11741,1432,-250,1894,2045,99,1097,2020-02-18
57759,72531,6242,12901,1871,11741,1432,-246,1894,2041,99,1097,2020-02-18
57760,72531,6242,12900,1871,11741,1432,-245,1894,2040,99,1097,2020-02-18
57799,72531,6242,12861,1871,11741,1432,-206,1894,2001,99,1097,2020-02-18
57813,72531,6242,12847,1871,11741,1432,-192,1894,1987,99,1097,2020-02-18
57813,72531,6242,12847,1871,11741,1432,-192,1894,1987,99,1097,2020-02-18
57820,72531,6242,12840,1871,11741,1432,-185,1894,1980,99,1097,2020-02-18
57822,72531,6242,12838,1871,11741,1432,-183,1894,1978,99,1097,2020-02-18
57839,72531,6242,12821,1871,11741,1432,-166,1894,1961,99,1097,2020-02-18
57849,72531,6242,12811,1871,11741,1432,-156,1894,1951,99,1097,2020-02-18
57875,72531,6242,12785,1871,11741,1432,-130,1894,1925,99,1097,2020-02-18
57874,72530,6242,12785,1871,11741,1432,-131,1893,1925,99,1097,2020-02-18
57879,72530,6242,12781,1870,11741,1432,-126,1893,1921,98,1097,2020-02-18
57880,72530,6242,12780,1870,11741,1432,-125,1893,1920,98,1097,2020-02-18
57894,72530,6242,12766,1870,11741,1432,-111,1893,1906,98,1097,2020-02-18
57894,72530,6242,12766,1870,11741,1432,-111,1893,1906,98,1097,2020-02-18
57894,72530,6242,12766,1870,11741,1432,-111,1893,1906,98,1097,2020-02-18
57904,72530,6242,12756,1870,11741,1432,-101,1893,1896,98,1097,2020-02-18
57939,72530,6242,12721,1870,11741,1432,-66,1893,1861,98,1097,2020-02-18
57978,72530,6242,12682,1870,11741,1432,-27,1893,1822,98,1097,2020-02-18
57978,72530,6242,12682,1870,11741,1432,-27,1893,1822,98,1097,2020-02-18
57978,72530,6242,12682,1870,11741,1432,-27,1893,1822,98,1097,2020-02-18
57992,72530,6242,12668,1870,11741,1432,-13,1893,1808,98,1097,2020-02-18
58008,72530,6242,12652,1870,11741,1432,3,1893,1792,98,1097,2020-02-18
58036,72530,6242,12624,1870,11741,1432,31,1893,1764,98,1097,2020-02-18
58043,72530,6242,12617,1870,11741,1432,38,1893,1757,98,1097,2020-02-18
58043,72530,6242,12617,1870,11741,1432,38,1893,1757,98,1097,2020-02-18
58073,72530,6242,12587,1870,11741,1432,68,1893,1727,98,1097,2020-02-18
58073,72530,6242,12587,1870,11741,1432,68,1893,1727,98,1097,2020-02-18
58085,72528,6242,12573,1870,11741,1432,80,1891,1713,98,1097,2020-02-18
58085,72528,6242,12573,1870,11741,1432,80,1891,1713,98,1097,2020-02-18
58092,72528,6242,12566,1870,11741,1432,87,1891,1706,98,1097,2020-02-18
58092,72528,6242,12566,1870,11741,1432,87,1891,1706,98,1097,2020-02-18
58092,72528,6242,12566,1870,11741,1432,87,1891,1706,98,1097,2020-02-18
58092,72528,6242,12566,1870,11741,1432,87,1891,1706,98,1097,2020-02-18
58092,72528,6242,12566,1870,11741,1432,87,1891,1706,98,1097,2020-02-18
58097,72528,6242,12561,1870,11741,1432,92,1891,1701,98,1097,2020-02-18
58097,72528,6242,12561,1870,11741,1432,92,1891,1701,98,1097,2020-02-18
58097,72528,6242,12561,1870,11741,1432,92,1891,1701,98,469,2020-02-18
58126,72457,7264,12465,1866,10644,,,,,,,2020-02-18
58126,72457,7264,12465,1866,10644,,,,,,,2020-02-18
58127,72456,7264,12464,1865,10644,,,,,,,2020-02-18
58126,72455,7264,12464,1865,10644,,,,,,,2020-02-18
57581,70648,7264,11295,1772,10644,,,,,,,2020-02-18
57580,70647,7264,11295,1772,10644,,,,,,,2020-02-18
57580,70647,7264,11295,1772,10644,,,,,,,2020-02-18
57595,70647,7264,11280,1772,10644,,,,,,,2020-02-18
57593,70645,7264,11280,1772,10644,,,,,,,2020-02-18
57594,70644,7264,11278,1772,10644,1563,101,2060,1853,106,-628,2020-02-17
57592,70642,7264,11278,1772,10644,1563,99,2058,1853,106,-628,2020-02-17
57592,70642,7264,11278,1772,10644,1563,99,2058,1853,106,-628,2020-02-17
57593,70642,7264,11277,1772,10644,1563,100,2058,1852,106,-628,2020-02-17
57593,70641,7264,11276,1772,10644,1563,100,2057,1851,106,-628,2020-02-17
57593,70641,7264,11276,1772,10644,1563,100,2057,1851,106,-628,2020-02-17
57593,70641,7264,11276,1772,10644,1563,100,2057,1851,106,-628,2020-02-17
57590,70641,7264,11279,1772,10644,1563,97,2057,1854,106,-628,2020-02-17
57591,70642,7264,11279,1772,10644,1563,98,2058,1854,106,-628,2020-02-17
57591,70642,7264,11279,1772,10644,1563,98,2058,1854,106,-628,2020-02-17
57591,70642,7264,11279,1772,10644,1563,98,2058,1854,106,-628,2020-02-17
57592,70642,7264,11278,1772,10644,1563,99,2058,1853,106,-628,2020-02-17
57594,70641,7264,11275,1772,10644,1563,101,2057,1850,106,-628,2020-02-17
57597,70641,7264,11272,1772,10644,1563,104,2057,1847,106,-628,2020-02-17
57597,70641,7264,11272,1772,10644,1563,104,2057,1847,106,-628,2020-02-17
57605,70641,7264,11264,1772,10644,1563,112,2057,1839,106,-628,2020-02-17
57605,70641,7264,11264,1772,10644,1563,112,2057,1839,106,-628,2020-02-17
57617,70641,7264,11252,1772,10644,1563,124,2057,1827,106,-628,2020-02-17
57617,70641,7264,11252,1772,10644,1563,124,2057,1827,106,-628,2020-02-17
57618,70641,7264,11251,1772,10644,1563,125,2057,1826,106,-628,2020-02-17
57665,70641,7264,11204,1772,10644,1563,172,2057,1779,106,-628,2020-02-17
57671,70641,7264,11198,1772,10644,1563,178,2057,1773,106,-628,2020-02-17
57702,70641,7264,11167,1772,10644,1563,209,2057,1742,106,-628,2020-02-17
57701,70640,7264,11167,1772,10644,1563,208,2056,1742,106,-628,2020-02-17
57704,70640,7264,11164,1772,10644,1563,211,2056,1739,106,-628,2020-02-17
57701,70640,7264,11167,1772,10644,1563,208,2056,1742,106,-628,2020-02-17
57705,70640,7264,11163,1772,10644,1563,212,2056,1738,106,-628,2020-02-17
57723,70640,7264,11145,1772,10644,1563,230,2056,1720,106,-628,2020-02-17
57793,70640,7264,11075,1772,10644,1563,300,2056,1650,106,-628,2020-02-17
57801,70640,7264,11067,1772,10644,1563,308,2056,1642,106,-628,2020-02-17
57803,70640,7264,11065,1772,10644,1563,310,2056,1640,106,-628,2020-02-17
57804,70640,7264,11064,1772,10644,1563,311,2056,1639,106,-628,2020-02-17
57803,70639,7264,11064,1772,10644,1563,310,2055,1639,106,-628,2020-02-17
57805,70639,7264,11062,1772,10644,1563,312,2055,1637,106,-628,2020-02-17
57818,70639,7264,11049,1772,10644,1563,325,2055,1624,106,-628,2020-02-17
57833,70639,7264,11034,1772,10644,1563,340,2055,1609,106,-628,2020-02-17
57842,70639,7264,11025,1772,10644,1563,349,2055,1600,106,-628,2020-02-17
57841,70638,7264,11025,1772,10644,1563,348,2054,1600,106,-628,2020-02-17
57841,70638,7264,11025,1772,10644,1563,348,2054,1600,106,-628,2020-02-17
57845,70638,7264,11021,1772,10644,1563,352,2054,1596,106,-628,2020-02-17
57887,70638,7264,10979,1772,10644,1563,394,2054,1554,106,-628,2020-02-17
57888,70638,7264,10978,1772,10644,1563,395,2054,1553,106,-628,2020-02-17
57889,70638,7264,10977,1772,10644,1563,396,2054,1552,106,-628,2020-02-17
57891,70638,7264,10975,1772,10644,1563,398,2054,1550,106,-628,2020-02-17
57892,70638,7264,10974,1772,10644,1563,399,2054,1549,106,-628,2020-02-17
57925,70638,7264,10941,1772,10644,1563,432,2054,1516,106,-628,2020-02-17
57936,70637,7264,10929,1772,10644,1563,443,2053,1504,106,-628,2020-02-17
57945,70637,7264,10920,1772,10644,1563,452,2053,1495,106,-628,2020-02-17
57944,70637,7264,10920,1773,10644,1563,451,2053,1495,107,-628,2020-02-17
57983,70637,7264,10881,1773,10644,1563,490,2053,1456,107,-628,2020-02-17
58002,70637,7264,10863,1772,10644,1563,509,2053,1438,106,-628,2020-02-17
58002,70637,7264,10863,1772,10644,1563,509,2053,1438,106,-628,2020-02-17
58001,70636,7264,10863,1772,10644,1563,508,2052,1438,106,-628,2020-02-17
58001,70636,7264,10863,1772,10644,1563,508,2052,1438,106,-628,2020-02-17
58001,70636,7264,10863,1772,10644,1563,508,2052,1438,106,-628,2020-02-17
58003,70635,7264,10860,1772,10644,1563,510,2051,1435,106,-628,2020-02-17
58003,70635,7264,10860,1772,10644,1563,510,2051,1435,106,-628,2020-02-17
58004,70635,7264,10859,1772,10644,1563,511,2051,1434,106,-628,2020-02-17
58010,70635,7264,10853,1772,10644,1563,517,2051,1428,106,-628,2020-02-17
58010,70635,7264,10853,1772,10644,1563,517,2051,1428,106,-628,2020-02-17
58044,70606,8228,10792,1770,11272,,,,,,,2020-02-17
58044,70606,8228,10792,1770,11272,,,,,,,2020-02-17
58043,70597,8228,10784,1770,11272,,,,,,,2020-02-17
58043,70586,8228,10773,1770,11272,,,,,,,2020-02-17
58031,70571,8228,10773,1767,11272,,,,,,,2020-02-17
58022,70557,8228,10768,1767,11272,,,,,,,2020-02-17
58019,70550,8228,10764,1767,11272,,,,,,,2020-02-17
58009,70537,8228,10761,1767,11272,,,,,,,2020-02-17
58009,70533,8228,10757,1767,11272,,,,,,,2020-02-17
57165,68595,8228,9763,1667,11272,1918,215,2020,1662,143,219,2020-02-16
57171,68595,8228,9757,1667,11272,1918,221,2020,1656,143,219,2020-02-16
57172,68595,8228,9756,1667,11272,1918,222,2020,1655,143,219,2020-02-16
57172,68595,8228,9756,1667,11272,1918,222,2020,1655,143,219,2020-02-16
57178,68595,8228,9750,1667,11272,1918,228,2020,1649,143,219,2020-02-16
57182,68595,8228,9746,1667,11272,1918,232,2020,1645,143,219,2020-02-16
57182,68595,8228,9746,1667,11272,1918,232,2020,1645,143,219,2020-02-16
57191,68595,8228,9737,1667,11272,1918,241,2020,1636,143,219,2020-02-16
57230,68595,8228,9698,1667,11272,1918,280,2020,1597,143,219,2020-02-16
57256,68594,8228,9671,1667,11272,1918,306,2019,1570,143,219,2020-02-16
57256,68594,8228,9671,1667,11272,1918,306,2019,1570,143,219,2020-02-16
57255,68592,8228,9671,1666,11272,1918,305,2017,1570,142,219,2020-02-16
57260,68592,8228,9666,1666,11272,1918,310,2017,1565,142,219,2020-02-16
57261,68592,8228,9665,1666,11272,1918,311,2017,1564,142,219,2020-02-16
57263,68592,8228,9663,1666,11272,1918,313,2017,1562,142,219,2020-02-16
57263,68592,8228,9663,1666,11272,1918,313,2017,1562,142,219,2020-02-16
57281,68592,8228,9645,1666,11272,1918,331,2017,1544,142,219,2020-02-16
57297,68592,8228,9629,1666,11272,1918,347,2017,1528,142,219,2020-02-16
57296,68591,8228,9629,1666,11272,1918,346,2016,1528,142,219,2020-02-16
57294,68589,8228,9629,1666,11272,1918,344,2014,1528,142,219,2020-02-16
57301,68589,8228,9622,1666,11272,1918,351,2014,1521,142,219,2020-02-16
57337,68589,8228,9586,1666,11272,1918,387,2014,1485,142,219,2020-02-16
57342,68589,8228,9581,1666,11272,1918,392,2014,1480,142,219,2020-02-16
57370,68589,8228,9553,1666,11272,1918,420,2014,1452,142,219,2020-02-16
57373,68589,8228,9550,1666,11272,1918,423,2014,1449,142,219,2020-02-16
57370,68586,8228,9550,1666,11272,1918,420,2011,1449,142,219,2020-02-16
57373,68586,8228,9547,1666,11272,1918,423,2011,1446,142,219,2020-02-16
57371,68584,8228,9547,1666,11272,1918,421,2009,1446,142,219,2020-02-16
57373,68584,8228,9545,1666,11272,1918,423,2009,1444,142,219,2020-02-16
57392,68584,8228,9526,1666,11272,1918,442,2009,1425,142,219,2020-02-16
57392,68584,8228,9526,1666,11272,1918,442,2009,1425,142,219,2020-02-16
57416,68584,8228,9502,1666,11272,1918,466,2009,1401,142,219,2020-02-16
57416,68584,8228,9502,1666,11272,1918,466,2009,1401,142,219,2020-02-16
56563,66581,8969,8494,1524,11053,2277,740,2649,1766,143,849,2020-02-15
56568,66581,8969,8489,1524,11053,2277,745,2649,1761,143,849,2020-02-15
56570,66581,8969,8487,1524,11053,2277,747,2649,1759,143,849,2020-02-15
56570,66581,8969,8487,1524,11053,2277,747,2649,1759,143,849,2020-02-15
56573,66580,8969,8483,1524,11053,2277,750,2648,1755,143,849,2020-02-15
56573,66580,8969,8483,1524,11053,2277,750,2648,1755,143,849,2020-02-15
56584,66580,8969,8472,1524,11053,2277,761,2648,1744,143,849,2020-02-15
56624,66580,8969,8432,1524,11053,2277,801,2648,1704,143,849,2020-02-15
56642,66580,8969,8414,1524,11053,2277,819,2648,1686,143,849,2020-02-15
56643,66580,8969,8413,1524,11053,2277,820,2648,1685,143,849,2020-02-15
56694,66580,8969,8362,1524,11053,2277,871,2648,1634,143,849,2020-02-15
56741,66580,8969,8315,1524,11053,2277,918,2648,1587,143,849,2020-02-15
56740,66579,8969,8315,1524,11053,2277,917,2647,1587,143,849,2020-02-15
56785,66579,8969,8270,1524,11053,2277,962,2647,1542,143,849,2020-02-15
56783,66577,8969,8270,1524,11053,2277,960,2645,1542,143,849,2020-02-15
56797,66577,8969,8256,1524,11053,2277,974,2645,1528,143,849,2020-02-15
56845,66577,8969,8208,1524,11053,2277,1022,2645,1480,143,849,2020-02-15
56847,66577,8969,8206,1524,11053,2277,1024,2645,1478,143,849,2020-02-15
56849,66577,8969,8204,1524,11053,2277,1026,2645,1476,143,849,2020-02-15
56853,66577,8969,8200,1524,11053,2277,1030,2645,1472,143,849,2020-02-15
56867,66576,8969,8185,1524,11053,2277,1044,2644,1457,143,849,2020-02-15
56868,66576,8969,8184,1524,11053,2277,1045,2644,1456,143,849,2020-02-15
56889,66576,8969,8163,1524,11053,2277,1066,2644,1435,143,849,2020-02-15
56889,66576,8969,8163,1524,11053,2277,1066,2644,1435,143,849,2020-02-15
56889,66576,8969,8163,1524,11053,2277,1066,2644,1435,143,849,2020-02-15
56934,66576,8969,8118,1524,11053,2277,1111,2644,1390,143,849,2020-02-15
56934,66576,8969,8118,1524,11053,2277,1111,2644,1390,143,849,2020-02-15
56934,66576,8969,8118,1524,11053,2277,1111,2644,1390,143,849,2020-02-15
56934,66576,8969,8118,1524,11053,2277,1111,2644,1390,143,849,2020-02-15
56934,66576,8969,8118,1524,11053,2277,1111,2644,1390,143,849,2020-02-15
56934,66576,8969,8118,1524,11053,2277,1111,2644,1390,143,849,2020-02-15
56940,66576,8969,8112,1524,11053,2277,1117,2644,1384,143,849,2020-02-15
56951,66576,8969,8101,1524,11053,2277,1128,2644,1373,143,849,2020-02-15
56951,66576,8969,8101,1524,11053,2277,1128,2644,1373,143,849,2020-02-15
56951,66576,8969,8101,1524,11053,2277,1128,2644,1373,143,849,2020-02-15
56951,66576,8969,8101,1524,11053,2277,1128,2644,1373,143,849,2020-02-15
56889,66390,10109,7980,1521,10204,,,,,,,2020-02-15
56889,66390,10109,7980,1521,10204,,,,,,,2020-02-15
56884,66384,10109,7979,1521,10204,,,,,,,2020-02-15
56876,66376,10109,7979,1521,10204,,,,,,,2020-02-15
55469,63956,10109,7105,1382,10204,,,,,,,2020-02-15
55477,63951,10109,7092,1382,10204,,,,,,,2020-02-15
55476,63950,10109,7092,1382,10204,2450,3543,5111,1446,122,2174,2020-02-14
55479,63948,10109,7087,1382,10204,2450,3546,5109,1441,122,2174,2020-02-14
55478,63947,10109,7087,1382,10204,2450,3545,5108,1441,122,2174,2020-02-14
55478,63947,10109,7087,1382,10204,2450,3545,5108,1441,122,2174,2020-02-14
55489,63947,10109,7076,1382,10204,2450,3556,5108,1430,122,2174,2020-02-14
55488,63946,10109,7076,1382,10204,2450,3555,5107,1430,122,2174,2020-02-14
55522,63946,10109,7042,1382,10204,2450,3589,5107,1396,122,2174,2020-02-14
55525,63946,10109,7039,1382,10204,2450,3592,5107,1393,122,2174,2020-02-14
55561,63946,10109,7003,1382,10204,2450,3628,5107,1357,122,2174,2020-02-14
55562,63946,10109,7002,1382,10204,2450,3629,5107,1356,122,2174,2020-02-14
55591,63946,10109,6973,1382,10204,2450,3658,5107,1327,122,2174,2020-02-14
55634,63946,10109,6930,1382,10204,2450,3701,5107,1284,122,2174,2020-02-14
55631,63943,10109,6930,1382,10204,2450,3698,5104,1284,122,2174,2020-02-14
55631,63940,10109,6928,1381,10204,2450,3698,5101,1282,121,2174,2020-02-14
55653,63940,10109,6906,1381,10204,2450,3720,5101,1260,121,2174,2020-02-14
55649,63936,10109,6906,1381,10204,2450,3716,5097,1260,121,2174,2020-02-14
55671,63936,10109,6884,1381,10204,2450,3738,5097,1238,121,2174,2020-02-14
55671,63936,10109,6884,1381,10204,2450,3738,5097,1238,121,2174,2020-02-14
55671,63936,10109,6884,1381,10204,2450,3738,5097,1238,121,2174,2020-02-14
55671,63936,10109,6884,1381,10204,2450,3738,5097,1238,121,2174,2020-02-14
55713,63936,10109,6842,1381,10204,2450,3780,5097,1196,121,2174,2020-02-14
55746,63936,10109,6809,1381,10204,2450,3813,5097,1163,121,2174,2020-02-14
55745,63935,10109,6809,1381,10204,2450,3812,5096,1163,121,2174,2020-02-14
55745,63935,10109,6809,1381,10204,2450,3812,5096,1163,121,2174,2020-02-14
55817,63932,10109,6734,1381,10204,2450,3884,5093,1088,121,2174,2020-02-14
55817,63932,10109,6734,1381,10204,2450,3884,5093,1088,121,2174,2020-02-14
55817,63932,10109,6734,1381,10204,2450,3884,5093,1088,121,2174,2020-02-14
55817,63932,10109,6734,1381,10204,2450,3884,5093,1088,121,2174,2020-02-14
55817,63932,10109,6734,1381,10204,2450,3884,5093,1088,121,2174,2020-02-14
55817,63932,10109,6734,1381,10204,2450,3884,5093,1088,121,2174,2020-02-14
55817,63932,10109,6734,1381,10204,2450,3884,5093,1088,121,2174,2020-02-14
55814,63929,10109,6734,1381,10204,2450,3881,5090,1088,121,2174,2020-02-14
55814,63929,10109,6734,1381,8030,2450,3881,5090,1088,121,0,2020-02-14
55814,63929,13435,6734,1381,8030,5776,3881,5090,1088,121,0,2020-02-14
55814,63929,13435,6734,1381,8030,5776,3881,5090,1088,121,0,2020-02-14
55548,63932,10109,7003,1381,10204,2450,3615,5093,1357,121,2174,2020-02-14
55548,63932,10109,7003,1381,10204,2450,3615,5093,1357,121,2174,2020-02-14
55548,63932,10109,7003,1381,10204,2450,3615,5093,1357,121,2174,2020-02-14
55545,63929,13435,7003,1381,8030,5776,3612,5090,1357,121,0,2020-02-14
55545,63929,13435,7003,1381,8030,5776,3612,5090,1357,121,0,2020-02-14
55545,63929,13435,7003,1381,8030,,,,,,,2020-02-14
55545,63929,13435,7003,1381,8030,,,,,,,2020-02-14
55545,63929,13435,7003,1381,8030,,,,,,,2020-02-14
55545,63929,13435,7003,1381,8030,,,,,,,2020-02-14
55437,63929,13435,7003,1489,8030,,,,,,,2020-02-14
55437,63929,13435,7003,1489,8030,,,,,,,2020-02-14
55431,63923,13435,7003,1489,8030,,,,,,,2020-02-14
55433,63922,13435,7000,1489,8030,,,,,,,2020-02-14
55446,63922,13435,6987,1489,8030,,,,,,,2020-02-14
55442,63918,13435,6987,1489,8030,,,,,,,2020-02-14
55442,63918,13435,6987,1489,8030,,,,,,,2020-02-14
55438,63913,13435,6986,1489,8030,,,,,,,2020-02-14
55435,63910,13435,6986,1489,8030,,,,,,,2020-02-14
55435,63910,13435,6986,1489,8030,,,,,,,2020-02-14
55421,63886,13435,6977,1488,8030,,,,,,,2020-02-14
55419,63866,13435,6959,1488,8030,,,,,,,2020-02-14
55412,63846,13435,6946,1488,8030,,,,,,,2020-02-14
55409,63836,13435,6939,1488,8030,,,,,,,2020-02-14
55396,63806,13435,6922,1488,8030,,,,,,,2020-02-14
55397,63791,13435,6907,1487,8030,,,,,,,2020-02-14
55374,63768,13435,6907,1487,8030,,,,,,,2020-02-14
55373,63767,13435,6907,1487,8030,,,,,,,2020-02-14
55362,63755,13435,6906,1487,8030,,,,,,,2020-02-14
55362,63753,13435,6904,1487,8030,,,,,,,2020-02-14
55357,63741,13435,6897,1487,8030,,,,,,,2020-02-14
55338,63714,13435,6891,1485,8030,,,,,,,2020-02-14
55338,63714,13435,6891,1485,8030,,,,,,,2020-02-14
55338,63714,13435,6891,1485,8030,,,,,,,2020-02-14
52346,59934,13435,6219,1369,8030,,,,,,,2020-02-14
52329,59916,13435,6218,1369,8030,,,,,,,2020-02-14
52326,59913,13435,6218,1369,8030,,,,,,,2020-02-14
52324,59911,13435,6218,1369,8030,,,,,,,2020-02-14
52321,59907,13435,6218,1368,8030,,,,,,,2020-02-14
52324,59907,13435,6215,1368,8030,2807,13452,15177,1471,254,-174,2020-02-14
52324,59907,13435,6215,1368,8030,2807,13452,15177,1471,254,-174,2020-02-14
52324,59907,13435,6215,1368,8030,2807,13452,15177,1471,254,-174,2020-02-14
52324,59907,13435,6215,1368,8030,2807,13452,15177,1471,254,-174,2020-02-13
52321,59904,13435,6215,1368,8030,2807,13449,15174,1471,254,-174,2020-02-13
52321,59904,13435,6215,1368,8030,2807,13449,15174,1471,254,-174,2020-02-13
52326,59904,13435,6210,1368,8030,2807,13454,15174,1466,254,-174,2020-02-13
52326,59904,13435,6210,1368,8030,2807,13454,15174,1466,254,-174,2020-02-13
52326,59904,13435,6210,1368,8030,2807,13454,15174,1466,254,-174,2020-02-13
52326,59904,13435,6210,1368,8030,2807,13454,15174,1466,254,-174,2020-02-13
52324,59902,13435,6210,1368,8030,2807,13452,15172,1466,254,-174,2020-02-13
52326,59902,13435,6208,1368,8030,2807,13454,15172,1464,254,-174,2020-02-13
52326,59902,13435,6208,1368,8030,2807,13454,15172,1464,254,-174,2020-02-13
52325,59901,13435,6208,1368,8030,2807,13453,15171,1464,254,-174,2020-02-13
52325,59901,13435,6208,1368,8030,2807,13453,15171,1464,254,-174,2020-02-13
52341,59901,13435,6192,1368,8030,2807,13469,15171,1448,254,-174,2020-02-13
52341,59901,13435,6192,1368,8030,2807,13469,15171,1448,254,-174,2020-02-13
52341,59901,13435,6192,1368,8030,2807,13469,15171,1448,254,-174,2020-02-13
52358,59901,13435,6175,1368,8030,2807,13486,15171,1431,254,-174,2020-02-13
52358,59901,13435,6175,1368,8030,2807,13486,15171,1431,254,-174,2020-02-13
52358,59901,13435,6175,1368,8030,2807,13486,15171,1431,254,-174,2020-02-13
52368,59901,13435,6165,1368,8030,2807,13496,15171,1421,254,-174,2020-02-13
52368,59901,13435,6165,1368,8030,2807,13496,15171,1421,254,-174,2020-02-13
52368,59901,13435,6165,1368,8030,2807,13496,15171,1421,254,-174,2020-02-13
52385,59901,13435,6148,1368,8030,2807,13513,15171,1404,254,-174,2020-02-13
52385,59901,13435,6148,1368,8030,2807,13513,15171,1404,254,-174,2020-02-13
52385,59901,13435,6148,1368,8030,2807,13513,15171,1404,254,-174,2020-02-13
52389,59901,13435,6144,1368,8030,2807,13517,15171,1400,254,-174,2020-02-13
52389,59901,13435,6144,1368,8030,2807,13517,15171,1400,254,-174,2020-02-13
52389,59901,13435,6144,1368,8030,2807,13517,15171,1400,254,-174,2020-02-13
52389,59901,13435,6144,1368,8030,2807,13517,15171,1400,254,-174,2020-02-13
52389,59901,13435,6144,1368,8030,2807,13517,15171,1400,254,-174,2020-02-13
52389,59901,13435,6144,1368,8030,2807,13517,15171,1400,254,-174,2020-02-13
52385,59901,13435,6148,1368,8030,2807,13513,15171,1404,254,-174,2020-02-13
52385,59901,13435,6148,1368,8030,2807,13513,15171,1404,254,-174,2020-02-13
52376,59901,13435,6157,1368,8030,2807,13504,15171,1413,254,-174,2020-02-13
52443,59901,13435,6090,1368,8030,2807,13571,15171,1346,254,-174,2020-02-13
52479,59901,13435,6054,1368,8030,2807,13607,15171,1310,254,-174,2020-02-13
52478,59900,13435,6054,1368,8030,2807,13606,15170,1310,254,-174,2020-02-13
52478,59900,13435,6054,1368,8030,2807,13606,15170,1310,254,-174,2020-02-13
52526,59900,13435,6006,1368,8030,2807,13654,15170,1262,254,-174,2020-02-13
52522,59896,13435,6006,1368,8030,2807,13650,15166,1262,254,-174,2020-02-13
52521,59895,16067,6006,1368,8204,,,,,,,2020-02-13
52521,59895,16067,6006,1368,8204,,,,,,,2020-02-13
52521,59895,16067,6006,1368,8204,,,,,,,2020-02-13
52521,59895,16067,6006,1368,8204,,,,,,,2020-02-13
52521,59895,16067,6006,1368,8204,,,,,,,2020-02-13
52521,59895,16067,6006,1368,8204,,,,,,,2020-02-13
52514,59888,16067,6006,1368,8204,,,,,,,2020-02-13
52514,59888,16067,6006,1368,8204,,,,,,,2020-02-13
52526,59888,16067,5994,1368,8204,,,,,,,2020-02-13
52523,59885,16067,5994,1368,8204,,,,,,,2020-02-13
52524,59885,16067,5993,1368,8204,,,,,,,2020-02-13
52529,59885,16067,5988,1368,8204,,,,,,,2020-02-13
52529,59885,16067,5988,1368,8204,,,,,,,2020-02-13
52527,59883,16067,5988,1368,8204,,,,,,,2020-02-13
52541,59883,16067,5974,1368,8204,,,,,,,2020-02-13
52565,59883,16067,5950,1368,8204,,,,,,,2020-02-13
52565,59883,16067,5950,1368,8204,,,,,,,2020-02-13
52565,59883,16067,5950,1368,8204,,,,,,,2020-02-13
52587,59883,16067,5928,1368,8204,,,,,,,2020-02-13
52587,59883,16067,5928,1368,8204,,,,,,,2020-02-13
52587,59883,16067,5928,1368,8204,,,,,,,2020-02-13
52587,59883,16067,5928,1368,8204,,,,,,,2020-02-13
52588,59883,16067,5928,1367,8204,,,,,,,2020-02-13
52594,59883,16067,5922,1367,8204,,,,,,,2020-02-13
52594,59883,16067,5922,1367,8204,,,,,,,2020-02-13
52593,59882,16067,5922,1367,8204,,,,,,,2020-02-13
52592,59881,16067,5922,1367,8204,,,,,,,2020-02-13
52590,59867,16067,5910,1367,8204,,,,,,,2020-02-13
52590,59867,16067,5910,1367,8204,,,,,,,2020-02-13
52586,59863,16067,5910,1367,8204,,,,,,,2020-02-13
52574,59841,16067,5901,1366,8204,,,,,,,2020-02-13
52574,59841,16067,5901,1366,8204,,,,,,,2020-02-13
52574,59841,16067,5901,1366,8204,,,,,,,2020-02-13
52574,59841,16067,5901,1366,8204,,,,,,,2020-02-13
52574,59841,16067,5901,1366,8204,,,,,,,2020-02-13
52575,59841,16067,5900,1366,8204,,,,,,,2020-02-13
52561,59819,16067,5892,1366,8204,,,,,,,2020-02-13
52555,59813,16067,5892,1366,8204,,,,,,,2020-02-13
52554,59812,16067,5892,1366,8204,,,,,,,2020-02-13
52543,59794,16067,5886,1365,8204,,,,,,,2020-02-13
52533,59766,16067,5868,1365,8204,,,,,,,2020-02-13
52532,59755,16067,5858,1365,8204,,,,,,,2020-02-13
52513,59734,16067,5857,1364,8204,,,,,,,2020-02-13
52490,59707,16067,5853,1364,8204,,,,,,,2020-02-13
52490,59707,16067,5853,1364,8204,,,,,,,2020-02-13
52484,59700,16067,5852,1364,8204,,,,,,,2020-02-13
52450,59651,16067,5839,1362,8204,,,,,,,2020-02-13
52450,59651,16067,5839,1362,8204,,,,,,,2020-02-13
52451,59650,16067,5838,1361,8204,,,,,,,2020-02-13
52438,59636,16067,5838,1360,8204,,,,,,,2020-02-13
52420,59617,16067,5838,1359,8204,,,,,,,2020-02-13
38577,44777,16067,5083,1117,8204,,,,,,,2020-02-13
38578,44776,16067,5081,1117,8204,,,,,,,2020-02-13
38584,44767,16067,5066,1117,8204,,,,,,,2020-02-13
38582,44765,16067,5066,1117,8204,3342,889,2057,1068,100,871,2020-02-13
38583,44765,16067,5066,1116,8204,3342,890,2057,1068,99,871,2020-02-13
38583,44765,16067,5066,1116,8204,3342,,2057,1068,99,871,2020-02-13
38583,44765,16067,5066,1116,8204,3342,,2057,1068,99,871,2020-02-13
,44765,16067,5066,1116,8204,3342,,2057,1068,99,871,2020-02-12
,44765,16067,5066,1116,8204,3342,,2057,1068,99,871,2020-02-12
,44765,16067,5066,1116,8204,3342,,2057,1068,99,871,2020-02-12
,44763,16067,5064,1116,8204,3342,,2055,1066,99,871,2020-02-12
,44763,16067,5064,1116,8204,3342,,2055,1066,99,871,2020-02-12
,44763,16067,5064,1116,8204,3342,,2055,1066,99,871,2020-02-12
,44763,16067,5034,1116,8204,3342,,2055,1036,99,871,2020-02-12
,44763,16067,5034,1115,8204,3342,,2055,1036,98,871,2020-02-12
,44763,16067,5034,1115,8204,3342,,2055,1036,98,871,2020-02-12
,44763,16067,5015,1115,8204,3342,,2055,1017,98,871,2020-02-12
,44763,16067,5007,1115,8204,3342,,2055,1009,98,871,2020-02-12
,44763,16067,5007,1115,8204,3342,,2055,1009,98,871,2020-02-12
,44763,16067,5007,1115,8204,3342,,2055,1009,98,871,2020-02-12
,44763,16067,5005,1115,8204,3342,,2055,1007,98,871,2020-02-12
,44763,16067,5005,1115,8204,3342,,2055,1007,98,871,2020-02-12
,44763,16067,4979,1115,8204,3342,,2055,981,98,871,2020-02-12
,44763,16067,4979,1115,8204,3342,,2055,981,98,871,2020-02-12
,44763,16067,4934,1115,8204,3342,,2055,936,98,871,2020-02-12
,44763,16067,4933,1115,8204,3342,,2055,935,98,871,2020-02-12
,44762,16067,4932,1115,8204,3342,,2054,934,98,871,2020-02-12
,44762,16067,4932,1115,8204,3342,,2054,934,98,871,2020-02-12
,44762,16067,4932,1115,8204,3342,,2054,934,98,871,2020-02-12
,44760,16067,4931,1115,8204,3342,,2052,933,98,871,2020-02-12
,44760,16067,4924,1115,8204,3342,,2052,926,98,871,2020-02-12
,44754,16067,4924,1115,8204,3342,,2046,926,98,871,2020-02-12
,44754,16067,4924,1115,8204,3342,,2046,926,98,871,2020-02-12
,44754,16067,4916,1115,8204,3342,,2046,918,98,871,2020-02-12
,44750,16067,4916,1115,8204,3342,,2042,918,98,871,2020-02-12
,44750,16067,4903,1115,8204,3342,,2042,905,98,871,2020-02-12
,44750,16067,4807,1115,8204,3342,,2042,809,98,871,2020-02-12
,44747,16067,4807,1115,8204,3342,,2039,809,98,871,2020-02-12
,44747,16067,4807,1115,8204,3342,,2039,809,98,871,2020-02-12
,44747,16067,4801,1114,8204,3342,,2039,803,97,871,2020-02-12
,44747,16067,4801,1114,8204,3342,,2039,803,97,871,2020-02-12
,44747,16067,4801,1114,8204,3342,,2039,803,97,871,2020-02-12
,44747,16067,4800,1114,8204,3342,,2039,802,97,871,2020-02-12
,44742,16067,4800,1114,8204,3342,,2034,802,97,871,2020-02-12
,44742,16067,4800,1114,8204,3342,,2034,802,97,871,2020-02-12
,44742,16067,4800,1114,8204,3342,,2034,802,97,871,2020-02-12
,44742,16067,4800,1114,8204,3342,,2034,802,97,871,2020-02-12
,44742,16067,4797,1114,8204,3342,,2034,799,97,871,2020-02-12
,44742,16067,4784,1114,8204,3342,,2034,786,97,871,2020-02-12
,44742,16067,4778,1114,8204,3342,,2034,780,97,871,2020-02-12
,44742,16067,4775,1114,8204,3342,,2034,777,97,871,2020-02-12
,44742,16067,4771,1114,8204,3342,,2034,773,97,871,2020-02-12
,44742,16067,4762,1114,8204,3342,,2034,764,97,871,2020-02-12
,44742,16067,4744,1114,8204,3342,,2034,746,97,871,2020-02-12
,44742,16067,4744,1114,8204,3342,,2034,746,97,871,2020-02-12
,44742,16067,4744,1114,8204,3342,,2034,746,97,871,2020-02-12
,44742,16067,4744,1114,8204,3342,,2034,746,97,871,2020-02-12
,44742,16067,4744,1114,8204,3342,,2034,746,97,871,2020-02-12
,44742,16067,4744,1114,8204,3342,,2034,746,97,871,2020-02-12
,44742,16067,4744,1114,8204,3342,,2034,746,97,871,2020-02-12
,44732,16067,4742,1114,8204,3342,,2024,744,97,871,2020-02-12
,44732,16067,4742,1114,8204,3342,,2024,744,97,871,2020-02-12
,44732,16067,4742,1114,8204,3342,,2024,744,97,871,2020-02-12
,44732,21675,4736,1114,7333,,,,,,,2020-02-12
,44732,21675,4736,1114,7333,,,,,,,2020-02-12
,44726,21675,4732,1114,7333,,,,,,,2020-02-12
,44720,21675,4732,1114,7333,,,,,,,2020-02-12
,44720,21675,4732,1114,7333,,,,,,,2020-02-12
,44718,21675,4732,1114,7333,,,,,,,2020-02-12
,44717,21675,4732,1114,7333,,,,,,,2020-02-12
,44714,21675,4732,1113,7333,,,,,,,2020-02-12
,44680,21675,4716,1113,7333,,,,,,,2020-02-12
,44638,21675,4687,1113,7333,,,,,,,2020-02-12
,44613,21675,4678,1113,7333,,,,,,,2020-02-12
,44545,21675,4653,1113,7333,,,,,,,2020-02-12
,44512,21675,4650,1113,7333,,,,,,,2020-02-12
,44491,21675,4650,1113,7333,,,,,,,2020-02-12
,44486,21675,4649,1113,7333,,,,,,,2020-02-12
,44456,21675,4638,1112,7333,,,,,,,2020-02-12
,44451,21675,4638,1112,7333,,,,,,,2020-02-12
,44451,21675,4638,1112,7333,,,,,,,2020-02-12
,44437,21675,4638,1112,7333,,,,,,,2020-02-12
,44419,21675,4638,1112,7333,,,,,,,2020-02-12
,44416,21675,4637,1112,7333,,,,,,,2020-02-12
,44404,21675,4637,1112,7333,,,,,,,2020-02-12
,44388,21675,4630,1111,7333,,,,,,,2020-02-12
,42748,21675,4301,1017,7333,,,,,,,2020-02-12
,42747,21675,4301,1017,7333,,,,,,,2020-02-12
,42747,21675,4301,1017,7333,3536,,2523,1019,108,849,2020-02-11
,42747,21675,4301,1017,7333,3536,,2523,1019,108,849,2020-02-11
,42747,21675,4299,1017,7333,3536,,2523,1017,108,849,2020-02-11
,42747,21675,4299,1017,7333,3536,,2523,1017,108,849,2020-02-11
,42747,21675,4299,1017,7333,3536,,2523,1017,108,849,2020-02-11
,42745,21675,4299,1017,7333,3536,,2521,1017,108,849,2020-02-11
,42744,21675,4299,1017,7333,3536,,2520,1017,108,849,2020-02-11
,42744,21675,4299,1017,7333,3536,,2520,1017,108,849,2020-02-11
,42744,21675,4299,1017,7333,3536,,2520,1017,108,849,2020-02-11
,42744,21675,4255,1017,7333,3536,,2520,973,108,849,2020-02-11
,42744,21675,4245,1017,7333,3536,,2520,963,108,849,2020-02-11
,42744,21675,4245,1017,7333,3536,,2520,963,108,849,2020-02-11
,42744,21675,4245,1017,7333,3536,,2520,963,108,849,2020-02-11
,42744,21675,4193,1017,7333,3536,,2520,911,108,849,2020-02-11
,42744,21675,4193,1017,7333,3536,,2520,911,108,849,2020-02-11
,42744,21675,4189,1017,7333,3536,,2520,907,108,849,2020-02-11
,42735,21675,4189,1017,7333,3536,,2511,907,108,849,2020-02-11
,42735,21675,4189,1017,7333,3536,,2511,907,108,849,2020-02-11
,42735,21675,4189,1017,7333,3536,,2511,907,108,849,2020-02-11
,42735,21675,4189,1017,7333,3536,,2511,907,108,849,2020-02-11
,42735,21675,4181,1017,7333,3536,,2511,899,108,849,2020-02-11
,42732,21675,4180,1017,7333,3536,,2508,898,108,849,2020-02-11
,42732,21675,4179,1017,7333,3536,,2508,897,108,849,2020-02-11
,42725,21675,4179,1017,7333,3536,,2501,897,108,849,2020-02-11
,42725,21675,4152,1017,7333,3536,,2501,870,108,849,2020-02-11
,42725,21675,4151,1017,7333,3536,,2501,869,108,849,2020-02-11
,42721,21675,4148,1017,7333,3536,,2497,866,108,849,2020-02-11
,42721,21675,4112,1017,7333,3536,,2497,830,108,849,2020-02-11
,42718,21675,4112,1017,7333,3536,,2494,830,108,849,2020-02-11
,42718,21675,4102,1017,7333,3536,,2494,820,108,849,2020-02-11
,42718,21675,4096,1017,7333,3536,,2494,814,108,849,2020-02-11
,42718,21675,4095,1017,7333,3536,,2494,813,108,849,2020-02-11
,42718,21675,4088,1017,7333,3536,,2494,806,108,849,2020-02-11
,42718,21675,4079,1017,7333,3536,,2494,797,108,849,2020-02-11
,42718,21675,4067,1017,7333,3536,,2494,785,108,849,2020-02-11
,42718,21675,4060,1017,7333,3536,,2494,778,108,849,2020-02-11
,42717,21675,4060,1017,7333,3536,,2493,778,108,849,2020-02-11
,42717,21675,4059,1017,7333,3536,,2493,777,108,849,2020-02-11
,42717,21675,4056,1017,7333,3536,,2493,774,108,849,2020-02-11
,42717,21675,4049,1017,7333,3536,,2493,767,108,849,2020-02-11
,42717,21675,4037,1017,7333,3536,,2493,755,108,849,2020-02-11
,42717,21675,4033,1017,7333,3536,,2493,751,108,849,2020-02-11
,42717,21675,4026,1017,7333,3536,,2493,744,108,849,2020-02-11
,42715,21675,4026,1017,7333,3536,,2491,744,108,849,2020-02-11
,42715,21675,4026,1017,7333,3536,,2491,744,108,849,2020-02-11
,42715,21675,4022,1017,7333,3536,,2491,740,108,849,2020-02-11
,42714,21675,4022,1017,7333,3536,,2490,740,108,849,2020-02-11
,42714,21675,4020,1017,7333,3536,,2490,738,108,849,2020-02-11
,42714,21675,4017,1017,7333,3536,,2490,735,108,849,2020-02-11
,42714,21675,4014,1017,7333,3536,,2490,732,108,849,2020-02-11
,42714,21675,4013,1017,7333,3536,,2490,731,108,849,2020-02-11
,42714,21675,4012,1017,7333,3536,,2490,730,108,849,2020-02-11
,42714,21675,4009,1017,7333,3536,,2490,727,108,849,2020-02-11
,42714,21675,4009,1017,7333,3536,,2490,727,108,849,2020-02-11
,42712,21675,4009,1017,7333,3536,,2488,727,108,849,2020-02-11
,42712,21675,4009,1017,7333,3536,,2488,727,108,849,2020-02-11
,42708,21675,4005,1017,7333,3536,,2484,723,108,849,2020-02-11
,42708,21675,4003,1017,7333,3536,,2484,721,108,849,2020-02-11
,42708,21675,3998,1017,7333,3536,,2484,716,108,849,2020-02-11
,42708,21675,3998,1017,7333,3536,,2484,716,108,849,2020-02-11
,42708,21675,3998,1017,7333,,,,,,,2020-02-11
,42376,23589,3923,1012,6484,,,,,,,2020-02-11
,42375,23589,3923,1012,6484,,,,,,,2020-02-11
,42372,23589,3919,1012,6484,,,,,,,2020-02-11
,42359,23589,3919,1012,6484,,,,,,,2020-02-11
,40262,23589,3551,909,6484,4008,,3100,900,97,296,2020-02-10
,40261,23589,3551,909,6484,4008,,3099,900,97,296,2020-02-10
,40261,23589,3548,909,6484,4008,,3099,897,97,296,2020-02-10
,40261,23589,3547,909,6484,4008,,3099,896,97,296,2020-02-10
,40261,23589,3541,909,6484,4008,,3099,890,97,296,2020-02-10
,40261,23589,3538,909,6484,4008,,3099,887,97,296,2020-02-10
,40261,23589,3536,909,6484,4008,,3099,885,97,296,2020-02-10
,40261,23589,3533,909,6484,4008,,3099,882,97,296,2020-02-10
,40261,23589,3526,909,6484,4008,,3099,875,97,296,2020-02-10
,40261,23589,3522,909,6484,4008,,3099,871,97,296,2020-02-10
,40261,23589,3519,909,6484,4008,,3099,868,97,296,2020-02-10
,40261,23589,3493,909,6484,4008,,3099,842,97,296,2020-02-10
,40261,23589,3490,909,6484,4008,,3099,839,97,296,2020-02-10
,40261,23589,3484,909,6484,4008,,3099,833,97,296,2020-02-10
,40261,23589,3471,909,6484,4008,,3099,820,97,296,2020-02-10
,40261,23589,3470,909,6484,4008,,3099,819,97,296,2020-02-10
,40259,23589,3470,909,6484,4008,,3097,819,97,296,2020-02-10
,40259,23589,3466,909,6484,4008,,3097,815,97,296,2020-02-10
,40259,23589,3445,909,6484,4008,,3097,794,97,296,2020-02-10
,40259,23589,3446,909,6484,4008,,3097,795,97,296,2020-02-10
,40259,23589,3446,909,6484,4008,,3097,795,97,296,2020-02-10
,40251,23589,3446,909,6484,4008,,3089,795,97,296,2020-02-10
,40249,23589,3419,909,6484,4008,,3087,768,97,296,2020-02-10
,40249,23589,3409,909,6484,4008,,3087,758,97,296,2020-02-10
,40249,23589,3392,909,6484,4008,,3087,741,97,296,2020-02-10
,40241,23589,3388,909,6484,4008,,3079,737,97,296,2020-02-10
,40236,23589,3388,909,6484,4008,,3074,737,97,296,2020-02-10
,40235,23589,3386,909,6484,4008,,3073,735,97,296,2020-02-10
,40235,23589,3376,909,6484,4008,,3073,725,97,296,2020-02-10
,40235,23589,3359,909,6484,4008,,3073,708,97,296,2020-02-10
,40235,23589,3354,909,6484,4008,,3073,703,97,296,2020-02-10
,40235,23589,3349,909,6484,4008,,3073,698,97,296,2020-02-10
,40235,23589,3328,909,6484,4008,,3073,677,97,296,2020-02-10
,40235,23589,3327,909,6484,4008,,3073,676,97,296,2020-02-10
,40235,23589,3326,909,6484,4008,,3073,675,97,296,2020-02-10
,40235,23589,3318,909,6484,4008,,3073,667,97,296,2020-02-10
,40235,23589,3311,909,6484,4008,,3073,660,97,296,2020-02-10
,40235,23589,3303,909,6484,4008,,3073,652,97,296,2020-02-10
,40235,23589,3293,909,6484,4008,,3073,642,97,296,2020-02-10
,40235,23589,3289,909,6484,4008,,3073,638,97,296,2020-02-10
,40235,23589,3288,909,6484,4008,,3073,637,97,296,2020-02-10
,40235,23589,3283,909,6484,4008,,3073,632,97,296,2020-02-10
,40235,23589,3283,909,6484,4008,,3073,632,97,296,2020-02-10
,40235,23589,3283,909,6484,,,,,,,2020-02-10
,39837,28942,3216,905,6188,,,,,,,2020-02-10
,29837,28942,3216,905,6188,,,,,,,2020-02-10
,29837,28942,3042,905,6188,,,,,,,2020-02-10
,37289,28942,2900,813,6188,3916,,2695,849,90,87,2020-02-09
,37289,28942,2898,813,6188,3916,,2695,847,90,87,2020-02-09
,37289,28942,2898,813,6188,3916,,2695,847,90,87,2020-02-09
,37288,28942,2898,813,6188,3916,,2694,847,90,87,2020-02-09
,37288,28942,2892,813,6188,3916,,2694,841,90,87,2020-02-09
,37288,28942,2891,813,6188,3916,,2694,840,90,87,2020-02-09
,37288,28942,2883,813,6188,3916,,2694,832,90,87,2020-02-09
,37287,28942,2883,813,6188,3916,,2693,832,90,87,2020-02-09
,37287,28942,2884,813,6188,3916,,2693,833,90,87,2020-02-09
,37287,28942,2880,813,6188,3916,,2693,829,90,87,2020-02-09
,37287,28942,2873,813,6188,3916,,2693,822,90,87,2020-02-09
,37287,28942,2862,813,6188,3916,,2693,811,90,87,2020-02-09
,37287,28942,2859,813,6188,3916,,2693,808,90,87,2020-02-09
,37287,28942,2856,813,6188,3916,,2693,805,90,87,2020-02-09
,37286,28942,2856,813,6188,3916,,2692,805,90,87,2020-02-09
,37286,28942,2838,813,6188,3916,,2692,787,90,87,2020-02-09
,37286,28942,2837,813,6188,3916,,2692,786,90,87,2020-02-09
,37283,28942,2837,813,6188,3916,,2689,786,90,87,2020-02-09
,37280,28942,2837,813,6188,3916,,2686,786,90,87,2020-02-09
,37280,28942,2823,813,6188,3916,,2686,772,90,87,2020-02-09
,37279,28942,2823,813,6188,3916,,2685,772,90,87,2020-02-09
,37279,28942,2780,813,6188,3916,,2685,729,90,87,2020-02-09
,37277,28942,2780,812,6188,3916,,2683,729,89,87,2020-02-09
,37262,28942,2780,812,6188,3916,,2668,729,89,87,2020-02-09
,37253,28942,2780,812,6188,3916,,2659,729,89,87,2020-02-09
,37252,28942,2780,812,6188,3916,,2658,729,89,87,2020-02-09
,37252,28942,2753,812,6188,3916,,2658,702,89,87,2020-02-09
,37252,28942,2731,812,6188,3916,,2658,680,89,87,2020-02-09
,37251,28942,2731,812,6188,3916,,2657,680,89,87,2020-02-09
,37251,28942,2713,812,6188,3916,,2657,662,89,87,2020-02-09
,37251,28942,2694,812,6188,3916,,2657,643,89,87,2020-02-09
,37251,28942,2684,812,6188,3916,,2657,633,89,87,2020-02-09
,37251,28942,2684,812,6188,3916,,2657,633,89,87,2020-02-09
,37251,28942,2684,812,6188,3916,,2657,633,89,87,2020-02-09
,37251,28942,2684,812,6188,3916,,2657,633,89,87,2020-02-09
,37251,28942,2675,812,6188,3916,,2657,624,89,87,2020-02-09
,37251,28942,2668,812,6188,3916,,2657,617,89,87,2020-02-09
,37251,28942,2662,812,6188,3916,,2657,611,89,87,2020-02-09
,37251,28942,2651,812,6188,3916,,2657,600,89,87,2020-02-09
,37251,28942,2651,812,6188,3916,,2657,600,89,87,2020-02-09
,37251,28942,2651,812,6188,3916,,2657,600,89,87,2020-02-09
,37251,28942,2651,812,6188,,,,,,,2020-02-09
,33379,28942,2651,812,6188,,,,,,,2020-02-09
,36833,27657,2602,808,6101,,,,,,,2020-02-09
,36831,27657,2602,805,6101,,,,,,,2020-02-09
,36820,27657,2600,805,6101,,,,,,,2020-02-09
,36820,27657,2920,805,6101,,,,,,,2020-02-09
,34673,27657,2600,724,6101,,,,,,,2020-02-09
,34673,27657,2375,724,6101,4214,,3476,833,87,1280,2020-02-08
,34672,27657,2375,724,6101,4214,,3475,833,87,1280,2020-02-08
,34664,27657,2372,724,6101,4214,,3467,830,87,1280,2020-02-08
,34664,27657,2371,724,6101,4214,,3467,829,87,1280,2020-02-08
,34664,27657,2368,724,6101,4214,,3467,826,87,1280,2020-02-08
,34664,27657,2364,724,6101,4214,,3467,822,87,1280,2020-02-08
,34664,27657,2360,724,6101,4214,,3467,818,87,1280,2020-02-08
,34664,27657,2356,724,6101,4214,,3467,814,87,1280,2020-02-08
,34664,27657,2350,724,6101,4214,,3467,808,87,1280,2020-02-08
,34664,27657,2347,724,6101,4214,,3467,805,87,1280,2020-02-08
,34664,27657,2346,724,6101,4214,,3467,804,87,1280,2020-02-08
,34664,27657,2344,724,6101,4214,,3467,802,87,1280,2020-02-08
,34662,27657,2340,724,6101,4214,,3465,798,87,1280,2020-02-08
,34662,27657,2334,724,6101,4214,,3465,792,87,1280,2020-02-08
,34662,27657,2329,724,6101,4214,,3465,787,87,1280,2020-02-08
,34662,27657,2321,724,6101,4214,,3465,779,87,1280,2020-02-08
,34662,27657,2314,724,6101,4214,,3465,772,87,1280,2020-02-08
,34662,27657,2312,724,6101,4214,,3465,770,87,1280,2020-02-08
,34662,27657,2313,724,6101,4214,,3465,771,87,1280,2020-02-08
,34662,27657,2310,724,6101,4214,,3465,768,87,1280,2020-02-08
,34662,27657,2304,724,6101,4214,,3465,762,87,1280,2020-02-08
,34662,27657,2303,724,6101,4214,,3465,761,87,1280,2020-02-08
,34662,27657,2301,724,6101,4214,,3465,759,87,1280,2020-02-08
,34662,27657,2300,724,6101,4214,,3465,758,87,1280,2020-02-08
,34662,27657,2299,724,6101,4214,,3465,757,87,1280,2020-02-08
,34662,27657,2305,724,6101,4214,,3465,763,87,1280,2020-02-08
,34662,27657,2234,724,6101,4214,,3465,692,87,1280,2020-02-08
,34662,27657,2224,724,6101,4214,,3465,682,87,1280,2020-02-08
,34662,27657,2221,724,6101,4214,,3465,679,87,1280,2020-02-08
,34662,27657,2221,723,6101,4214,,3465,679,86,1280,2020-02-08
,34662,27657,2215,723,6101,4214,,3465,673,86,1280,2020-02-08
,34662,27657,2215,723,6101,4214,,3465,673,86,1280,2020-02-08
,34662,27657,2206,723,6101,4214,,3465,664,86,1280,2020-02-08
,34642,27657,2206,723,6101,4214,,3445,664,86,1280,2020-02-08
,34642,27657,2203,723,6101,4214,,3445,661,86,1280,2020-02-08
,34642,27657,2201,723,6101,4214,,3445,659,86,1280,2020-02-08
,34642,27657,2196,723,6101,4214,,3445,654,86,1280,2020-02-08
,34642,27657,2185,723,6101,4214,,3445,643,86,1280,2020-02-08
,34640,27657,2185,723,6101,4214,,3443,643,86,1280,2020-02-08
,34640,27657,2184,723,6101,4214,,3443,642,86,1280,2020-02-08
,34640,27657,2179,723,6101,4214,,3443,637,86,1280,2020-02-08
,34640,27657,2176,723,6101,4214,,3443,634,86,1280,2020-02-08
,34640,27657,2142,723,6101,4214,,3443,600,86,1280,2020-02-08
,34640,27657,2140,723,6101,4214,,3443,598,86,1280,2020-02-08
,34640,27657,2137,723,6101,4214,,3443,595,86,1280,2020-02-08
,34631,27657,2135,723,6101,4214,,3434,593,86,1280,2020-02-08
,34631,27657,2130,723,6101,4214,,3434,588,86,1280,2020-02-08
,34631,27657,2128,723,6101,4214,,3434,586,86,1280,2020-02-08
,34627,27657,2128,723,6101,4214,,3430,586,86,1280,2020-02-08
,34627,27657,2127,723,6101,4214,,3430,585,86,1280,2020-02-08
,34627,27657,2125,723,6101,4214,,3430,583,86,1280,2020-02-08
,34622,27657,2125,723,6101,4214,,3425,583,86,1280,2020-02-08
,34622,27657,2117,723,6101,4214,,3425,575,86,1280,2020-02-08
,34622,27657,2115,723,6101,4214,,3425,573,86,1280,2020-02-08
,34622,27657,2111,723,6101,4214,,3425,569,86,1280,2020-02-08
,34622,27657,2114,723,6101,4214,,3425,572,86,1280,2020-02-08
,34622,27657,2111,723,6101,4214,,3425,569,86,1280,2020-02-08
,34622,27657,2108,723,6101,4214,,3425,566,86,1280,2020-02-08
,34622,27657,2094,723,6101,4214,,3425,552,86,1280,2020-02-08
,34621,27657,2093,723,6101,4214,,3424,551,86,1280,2020-02-08
,34621,27657,2091,723,6101,4214,,3424,549,86,1280,2020-02-08
,34621,27657,2083,723,6101,4214,,3424,541,86,1280,2020-02-08
,34621,27657,2064,723,6101,4214,,3424,522,86,1280,2020-02-08
,34621,27657,2062,723,6101,4214,,3424,520,86,1280,2020-02-08
,34621,27657,2061,723,6101,4214,,3424,519,86,1280,2020-02-08
,34621,27657,2060,723,6101,4214,,3424,518,86,1280,2020-02-08
,34621,27657,2059,723,6101,4214,,3424,517,86,1280,2020-02-08
,34621,27657,2055,723,6101,4214,,3424,513,86,1280,2020-02-08
,34612,27657,2055,723,6101,4214,,3415,513,86,1280,2020-02-08
,34612,27657,2053,723,6101,4214,,3415,511,86,1280,2020-02-08
,34598,27657,2053,723,6101,4214,,3401,511,86,1280,2020-02-08
,34598,27657,2052,723,6101,4214,,3401,510,86,1280,2020-02-08
,34598,27657,2052,723,6101,4214,,3401,510,86,1280,2020-02-08
,34598,27657,2052,723,6101,4214,,3401,510,86,1280,2020-02-08
,34598,27657,2052,723,6101,4214,,3401,510,86,1280,2020-02-08
,34598,27657,2052,723,6101,4214,,6173,510,86,1280,2020-02-08
,34598,27657,2052,723,6101,4214,,6173,510,86,1280,2020-02-08
,34130,26359,2000,718,4821,,,,,,,2020-02-08
,31264,26359,1753,637,4821,4833,,3204,600,73,962,2020-02-07
,31261,26359,1753,637,4821,4833,,3201,600,73,962,2020-02-07
,31261,26359,1751,637,4821,4833,,3201,598,73,962,2020-02-07
,31261,26359,1748,637,4821,4833,,3201,595,73,962,2020-02-07
,31261,26359,1747,637,4821,4833,,3201,594,73,962,2020-02-07
,31261,26359,1742,637,4821,4833,,3201,589,73,962,2020-02-07
,31261,26359,1738,637,4821,4833,,3201,585,73,962,2020-02-07
,31261,26359,1730,637,4821,4833,,3201,577,73,962,2020-02-07
,31260,26359,1730,637,4821,4833,,3200,577,73,962,2020-02-07
,31260,26359,1726,637,4821,4833,,3200,573,73,962,2020-02-07
,31258,26359,1726,637,4821,4833,,3198,573,73,962,2020-02-07
,31258,26359,1725,637,4821,4833,,3198,572,73,962,2020-02-07
,31258,26359,1722,637,4821,4833,,3198,569,73,962,2020-02-07
,31258,26359,1715,637,4821,4833,,3198,562,73,962,2020-02-07
,31257,26359,1715,637,4821,4833,,3197,562,73,962,2020-02-07
,31257,26359,1682,637,4821,4833,,3197,529,73,962,2020-02-07
,31257,26359,1667,637,4821,4833,,3197,514,73,962,2020-02-07
,31253,26359,1667,637,4821,4833,,3193,514,73,962,2020-02-07
,31253,26359,1640,637,4821,4833,,3193,487,73,962,2020-02-07
,31253,26359,1633,637,4821,4833,,3193,480,73,962,2020-02-07
,31253,26359,1625,637,4821,4833,,3193,472,73,962,2020-02-07
,31252,26359,1625,637,4821,4833,,3192,472,73,962,2020-02-07
,31248,26359,1624,637,4821,4833,,3188,471,73,962,2020-02-07
,31232,26359,1624,637,4821,4833,,3172,471,73,962,2020-02-07
,31232,26359,1623,637,4821,4833,,3172,470,73,962,2020-02-07
,31232,26359,1619,637,4821,4833,,3172,466,73,962,2020-02-07
,31232,26359,1616,637,4821,4833,,3172,463,73,962,2020-02-07
,31232,26359,1614,637,4821,4833,,3172,461,73,962,2020-02-07
,31232,26359,1613,637,4821,4833,,3172,460,73,962,2020-02-07
,31232,26359,1609,637,4821,4833,,3172,456,73,962,2020-02-07
,31232,26359,1605,637,4821,4833,,3172,452,73,962,2020-02-07
,31225,26359,1605,637,4821,4833,,3165,452,73,962,2020-02-07
,31225,26359,1603,637,4821,4833,,3165,450,73,962,2020-02-07
,31225,26359,1600,637,4821,4833,,3165,447,73,962,2020-02-07
,31224,26359,1600,637,4821,4833,,3164,447,73,962,2020-02-07
,31224,26359,1596,637,4821,4833,,3164,443,73,962,2020-02-07
,31223,26359,1596,637,4821,4833,,3163,443,73,962,2020-02-07
,31223,26359,1593,637,4821,4833,,3163,440,73,962,2020-02-07
,31223,26359,1595,637,4821,4833,,3163,442,73,962,2020-02-07
,31223,26359,1595,637,4821,4833,,3163,442,73,962,2020-02-07
,31223,26359,1595,637,4821,4833,,3163,442,73,962,2020-02-07
,31223,26359,1594,637,4821,4833,,3163,441,73,962,2020-02-07
,31223,26359,1592,637,4821,4833,,3163,439,73,962,2020-02-07
,31223,26359,1578,637,4821,4833,,3163,425,73,962,2020-02-07
,31215,26359,1578,637,4821,4833,,3155,425,73,962,2020-02-07
,31214,26359,1578,637,4821,4833,,3154,425,73,962,2020-02-07
,31212,26359,1578,637,4821,4833,,3152,425,73,962,2020-02-07
,31212,26359,1565,637,4821,4833,,3152,412,73,962,2020-02-07
,31212,26359,1564,637,4821,4833,,3152,411,73,962,2020-02-07
,31212,26359,1551,637,4821,4833,,3152,398,73,962,2020-02-07
,31212,26359,1550,637,4821,4833,,3152,397,73,962,2020-02-07
,31212,26359,1549,637,4821,4833,,3152,396,73,962,2020-02-07
,31212,26359,1544,637,4821,4833,,3152,391,73,962,2020-02-07
,31212,26359,1543,637,4821,4833,,3152,390,73,962,2020-02-07
,31212,26359,1542,637,4821,4833,,3152,389,73,962,2020-02-07
,31212,26359,1542,637,4821,4833,,3152,389,73,962,2020-02-07
,31211,26359,1542,637,4821,4833,,3151,389,73,962,2020-02-07
,31211,26359,1542,637,4821,4833,,3151,389,73,962,2020-02-07
,31211,26359,1542,637,4821,4833,,3151,389,73,962,2020-02-07
,31211,26359,1542,637,4821,4833,,3151,389,74,962,2020-02-07
,31211,26359,1542,634,4821,4833,,3151,389,71,962,2020-02-07
,31211,26359,1542,634,4821,,,,,,,2020-02-07
,30615,24702,1478,634,3859,,,,,,,2020-02-07
,30615,24702,1478,633,3859,,,,,,,2020-02-07
,30605,24702,1473,633,3859,,,,,,,2020-02-07
,30604,24702,1557,633,3859,,,,,,,2020-02-07
,30591,24702,1557,633,3859,,,,,,,2020-02-07
,28138,24702,1373,564,3859,5328,,3775,481,73,640,2020-02-06
,28135,24702,1373,564,3859,5328,,3772,481,73,640,2020-02-06
,28132,24702,1373,564,3859,5328,,3769,481,73,640,2020-02-06
,28129,24702,1373,564,3859,5328,,3766,481,73,640,2020-02-06
,28129,24702,1372,564,3859,5328,,3766,480,73,640,2020-02-06
,28129,24702,1371,564,3859,5328,,3766,479,73,640,2020-02-06
,28129,24702,1367,564,3859,5328,,3766,475,73,640,2020-02-06
,28129,24702,1366,564,3859,5328,,3766,474,73,640,2020-02-06
,28129,24702,1365,564,3859,5328,,3766,473,73,640,2020-02-06
,28129,24702,1356,564,3859,5328,,3766,464,73,640,2020-02-06
,28129,24702,1354,564,3859,5328,,3766,462,73,640,2020-02-06
,28129,24702,1352,564,3859,5328,,3766,460,73,640,2020-02-06
,28129,24702,1348,564,3859,5328,,3766,456,73,640,2020-02-06
,28129,24702,1335,564,3859,5328,,3766,443,73,640,2020-02-06
,28129,24702,1330,564,3859,5328,,3766,438,73,640,2020-02-06
,28129,24702,1290,564,3859,5328,,3766,398,73,640,2020-02-06
,28129,24702,1285,564,3859,5328,,3766,393,73,640,2020-02-06
,28129,24702,1277,564,3859,5328,,3766,385,73,640,2020-02-06
,28127,24702,1277,564,3859,5328,,3764,385,73,640,2020-02-06
,28127,24702,1266,564,3859,5328,,3764,374,73,640,2020-02-06
,28127,24702,1254,564,3859,5328,,3764,362,73,640,2020-02-06
,28125,24702,1254,564,3859,5328,,3762,362,73,640,2020-02-06
,28120,24702,1253,564,3859,5328,,3757,361,73,640,2020-02-06
,28118,24702,1252,564,3859,5328,,3755,360,73,640,2020-02-06
,28107,24702,1252,564,3859,5328,,3744,360,73,640,2020-02-06
,28081,24702,1250,564,3859,5328,,3718,358,73,640,2020-02-06
,28081,24702,1246,564,3859,5328,,3718,354,73,640,2020-02-06
,28081,24702,1245,564,3859,5328,,3718,353,73,640,2020-02-06
,28081,24702,1241,564,3859,5328,,3718,349,73,640,2020-02-06
,28081,24702,1236,564,3859,5328,,3718,344,73,640,2020-02-06
,28081,24702,1227,564,3859,5328,,3718,335,73,640,2020-02-06
,28077,24702,1221,564,3859,5328,,3714,329,73,640,2020-02-06
,28077,24702,1210,564,3859,5328,,3714,318,73,640,2020-02-06
,28074,24702,1210,564,3859,5328,,3711,318,73,640,2020-02-06
,28074,24702,1189,564,3859,5328,,3711,297,73,640,2020-02-06
,28065,24702,1189,564,3859,5328,,3702,297,73,640,2020-02-06
,28065,24702,1188,564,3859,5328,,3702,296,73,640,2020-02-06
,28060,24702,1188,564,3859,5328,,3697,296,73,640,2020-02-06
,28060,24702,1153,564,3859,5328,,3697,261,73,640,2020-02-06
,28060,24702,1153,564,3859,5328,,3697,261,73,640,2020-02-06
,28060,24702,1153,564,3859,5328,,3697,261,73,640,2020-02-06
,28060,24702,1153,564,3859,5328,,3698,261,73,640,2020-02-06
,28060,24702,1153,563,3859,5328,,3698,261,72,640,2020-02-06
,28060,24702,1153,563,3859,,,,,,,2020-02-06
,27451,23260,1115,563,3219,,,,,,,2020-02-06
,27434,23260,1133,563,3219,,,,,,,2020-02-06
,24447,23260,1020,493,3219,3971,,3973,390,68,431,2020-02-06
,24439,23260,1019,493,3219,3971,,3965,389,68,431,2020-02-06
,24434,23260,1018,493,3219,3971,,3960,388,68,431,2020-02-05
,24434,23260,1019,493,3219,3971,,3960,389,68,431,2020-02-05
,24433,23260,1015,493,3219,3971,,3959,385,68,431,2020-02-05
,24433,23260,1007,493,3219,3971,,3959,377,68,431,2020-02-05
,24433,23260,1010,493,3219,3971,,3959,380,68,431,2020-02-05
,24433,23260,1006,493,3219,3971,,3959,376,68,431,2020-02-05
,24433,23260,1001,493,3219,3971,,3959,371,68,431,2020-02-05
,24433,23260,987,493,3219,3971,,3959,357,68,431,2020-02-05
,24433,23260,983,493,3219,3971,,3959,353,68,431,2020-02-05
,24433,23260,981,493,3219,3971,,3959,351,68,431,2020-02-05
,24433,23260,981,493,3219,3971,,3959,351,68,431,2020-02-05
,24433,23260,979,493,3219,3971,,3959,349,68,431,2020-02-05
,24433,23260,972,493,3219,3971,,3959,342,68,431,2020-02-05
,24430,23260,972,493,3219,3971,,3956,342,68,431,2020-02-05
,24430,23260,971,493,3219,3971,,3956,341,68,431,2020-02-05
,24430,23260,961,493,3219,3971,,3956,331,68,431,2020-02-05
,24430,23260,957,493,3219,3971,,3956,327,68,431,2020-02-05
,24430,23260,956,493,3219,3971,,3956,326,68,431,2020-02-05
,24423,23260,956,493,3219,3971,,3949,326,68,431,2020-02-05
,24423,23260,954,493,3219,3971,,3949,324,68,431,2020-02-05
,24423,23260,950,493,3219,3971,,3949,320,68,431,2020-02-05
,24423,23260,948,493,3219,3971,,3949,318,68,431,2020-02-05
,24423,23260,947,493,3219,3971,,3949,317,68,431,2020-02-05
,24423,23260,946,493,3219,3971,,3949,316,68,431,2020-02-05
,24423,23260,946,492,3219,3971,,3949,316,67,431,2020-02-05
,24423,23260,941,492,3219,3971,,3949,311,67,431,2020-02-05
,24423,23260,933,492,3219,3971,,3949,303,67,431,2020-02-05
,24423,23260,930,492,3219,3971,,3949,300,67,431,2020-02-05
,24423,23260,929,492,3219,3971,,3949,299,67,431,2020-02-05
,24423,23260,926,492,3219,3971,,3949,296,67,431,2020-02-05
,24423,23260,918,492,3219,3971,,3949,288,67,431,2020-02-05
,24413,23260,917,492,3219,3971,,3939,287,67,431,2020-02-05
,24388,23260,912,492,3219,3971,,3914,282,67,431,2020-02-05
,24388,23260,908,492,3219,3971,,3914,278,67,431,2020-02-05
,24388,23260,906,492,3219,3971,,3914,276,67,431,2020-02-05
,24388,23260,901,492,3219,3971,,3914,271,67,431,2020-02-05
,24386,23260,901,492,3219,3971,,3912,271,67,431,2020-02-05
,24377,23260,901,492,3219,3971,,3903,271,67,431,2020-02-05
,24377,23260,901,492,3219,3971,,3903,271,67,431,2020-02-05
,24367,23260,898,492,3219,3971,,3893,268,67,431,2020-02-05
,24363,23260,897,492,3219,3971,,3889,267,67,431,2020-02-05
,24363,23260,897,491,3219,3971,,3889,267,66,431,2020-02-05
,24363,23260,892,491,3219,3971,,3889,262,66,431,2020-02-05
,24363,23260,893,491,3219,3971,,3889,263,66,431,2020-02-05
,24324,23260,892,491,3219,3971,,3850,262,66,431,2020-02-05
,24363,23260,892,491,3219,3971,,3889,262,66,431,2020-02-05
,24363,23260,892,491,3219,3971,,3887,262,66,431,2020-02-05
,23718,23214,843,491,2788,5072,,6482,368,130,492,2020-02-05
,23696,23214,843,491,2788,5072,,6460,368,130,492,2020-02-05
,23623,23214,718,426,2788,5072,,6387,243,65,492,2020-02-05
,20540,23214,718,426,2788,5072,,3304,243,65,492,2020-02-05
,20537,23214,718,426,2788,5072,,3301,243,65,492,2020-02-05
,20530,23214,718,426,2788,5072,,3294,243,65,492,2020-02-04
,20528,23214,717,426,2788,5072,,3292,242,65,492,2020-02-04
,20527,23214,717,426,2788,5072,,3291,242,65,492,2020-02-04
,20527,23214,716,426,2788,5072,,3291,241,65,492,2020-02-04
,20523,23214,716,426,2788,5072,,3287,241,65,492,2020-02-04
,20523,23214,715,426,2788,5072,,3287,240,65,492,2020-02-04
,20523,23214,714,426,2788,5072,,3287,239,65,492,2020-02-04
,20523,23214,711,426,2788,5072,,3287,236,65,492,2020-02-04
,20523,23214,709,426,2788,5072,,3287,234,65,492,2020-02-04
,20522,23214,709,426,2788,5072,,3286,234,65,492,2020-02-04
,20522,23214,706,426,2788,5072,,3286,231,65,492,2020-02-04
,20522,23214,704,426,2788,5072,,3286,229,65,492,2020-02-04
,20522,23214,702,426,2788,5072,,3286,227,65,492,2020-02-04
,20522,23214,693,426,2788,5072,,3286,218,65,492,2020-02-04
,20522,23214,692,426,2788,5072,,3286,217,65,492,2020-02-04
,20522,23214,691,426,2788,5072,,3286,216,65,492,2020-02-04
,20522,23214,688,426,2788,5072,,3286,213,65,492,2020-02-04
,20520,23214,688,426,2788,5072,,3284,213,65,492,2020-02-04
,20520,23214,686,426,2788,5072,,3284,211,65,492,2020-02-04
,20520,23214,683,426,2788,5072,,3284,208,65,492,2020-02-04
,20504,23214,683,426,2788,5072,,3268,208,65,492,2020-02-04
,20504,23214,680,426,2788,5072,,3268,205,65,492,2020-02-04
,20504,23214,669,426,2788,5072,,3268,194,65,492,2020-02-04
,20502,23214,669,426,2788,5072,,3266,194,65,492,2020-02-04
,20502,23214,660,426,2788,5072,,3266,185,65,492,2020-02-04
,20486,23214,660,426,2788,5072,,3250,185,65,492,2020-02-04
,20479,23214,660,426,2788,5072,,3243,185,65,492,2020-02-04
,20479,23214,660,426,2788,5072,,3243,185,65,492,2020-02-04
,20479,23214,658,426,2788,5072,,3243,183,65,492,2020-02-04
,20476,23214,658,426,2788,5072,,3240,183,65,492,2020-02-04
,20471,23214,658,426,2788,5072,,3235,183,65,492,2020-02-04
,20471,23214,657,426,2788,5072,,3235,182,65,492,2020-02-04
,20471,23214,654,426,2788,5072,,3235,179,65,492,2020-02-04
,20471,23214,648,426,2788,5072,,3235,173,65,492,2020-02-04
,20471,23214,644,426,2788,5072,,3235,169,65,492,2020-02-04
,20471,23214,642,426,2788,5072,,3235,167,65,492,2020-02-04
,20471,23214,637,426,2788,5072,,3235,162,65,492,2020-02-04
,20471,23214,637,426,2788,5072,,3235,162,65,492,2020-02-04
,20471,23214,637,425,2788,5072,,3235,162,64,492,2020-02-04
,20471,23214,637,425,2788,5072,,3235,162,64,492,2020-02-04
,20471,23214,635,425,2788,5072,,3235,160,64,492,2020-02-04
,20471,23214,632,425,2788,5072,,3235,157,64,492,2020-02-04
,20471,23214,632,425,2788,5072,,3235,157,64,492,2020-02-04
,20471,23214,632,425,2788,,,,,,,2020-02-04
,19726,21558,624,425,2296,,,,,,,2020-02-04
,19701,21558,623,425,2296,,,,,,,2020-02-04
,19698,21558,623,425,2296,,,,,,,2020-02-04
,19690,21558,623,425,2296,,,,,,,2020-02-04
,17341,21558,527,361,2296,5173,,2930,199,57,186,2020-02-03
,17341,21558,527,361,2296,5173,,2930,199,57,186,2020-02-03
,17341,21558,524,361,2296,5173,,2930,196,57,186,2020-02-03
,17341,21558,523,361,2296,5173,,2930,195,57,186,2020-02-03
,17341,21558,521,361,2296,5173,,2930,193,57,186,2020-02-03
,17341,21558,521,361,2296,5173,,2930,193,57,186,2020-02-03
,17341,21558,521,361,2296,5173,,2930,193,57,186,2020-02-03
,17340,21558,521,361,2296,5173,,2929,193,57,186,2020-02-03
,17340,21558,521,361,2296,5173,,2929,193,57,186,2020-02-03
,17339,21558,521,361,2296,5173,,2928,193,57,186,2020-02-03
,17335,21558,521,361,2296,5173,,2924,193,57,186,2020-02-03
,17335,21558,520,361,2296,5173,,2924,192,57,186,2020-02-03
,17335,21558,517,361,2296,5173,,2924,189,57,186,2020-02-03
,17335,21558,513,361,2296,5173,,2924,185,57,186,2020-02-03
,17335,21558,502,361,2296,5173,,2924,174,57,186,2020-02-03
,17335,21558,497,361,2296,5173,,2924,169,57,186,2020-02-03
,17335,21558,496,361,2296,5173,,2924,168,57,186,2020-02-03
,17335,21558,494,361,2296,5173,,2924,166,57,186,2020-02-03
,17335,21558,493,361,2296,5173,,2924,165,57,186,2020-02-03
,17335,21558,487,361,2296,5173,,2924,159,57,186,2020-02-03
,17335,21558,484,361,2296,5173,,2924,156,57,186,2020-02-03
,17335,21558,483,361,2296,5173,,2924,155,57,186,2020-02-03
,17330,21558,483,361,2296,5173,,2919,155,57,186,2020-02-03
,17330,21558,480,361,2296,5173,,2919,152,57,186,2020-02-03
,17309,21558,480,361,2296,5173,,2898,152,57,186,2020-02-03
,17309,21558,480,361,2296,5173,,2898,152,57,186,2020-02-03
,17267,21558,480,361,2296,5173,,2856,152,57,186,2020-02-03
,17267,21558,479,361,2296,5173,,2856,151,57,186,2020-02-03
,17267,21558,479,361,2296,5173,,2856,151,57,186,2020-02-03
,17255,21558,479,361,2296,5173,,2844,151,57,186,2020-02-03
,17242,21558,479,361,2296,5173,,2831,151,57,186,2020-02-03
,17239,21558,479,361,2296,5173,,2828,151,57,186,2020-02-03
,17238,21558,479,361,2296,5173,,2827,151,57,186,2020-02-03
,17238,21558,479,361,2296,2014,,2748,45,57,186,2020-02-03
,17238,21558,479,361,2296,2014,,2748,45,57,186,2020-02-03
,17240,21558,479,361,2296,2014,,2750,45,57,186,2020-02-03
,17240,21558,479,361,2296,2014,,2750,45,57,2296,2020-02-03
,17240,21558,479,361,2296,2014,,2750,45,57,186,2020-02-03
,17240,21558,479,361,2296,2014,,2750,45,57,2296,2020-02-03
,17238,21558,479,361,2296,2014,,2748,45,57,2296,2020-02-03
,17238,21558,478,361,2296,2014,,2748,44,57,2296,2020-02-03
,17238,21558,477,361,2296,2014,,2748,43,57,2296,2020-02-03
,17238,21558,475,361,2296,2014,,2748,41,57,2296,2020-02-03
,14490,19544,434,304,0,0,,0,0,0,0,2020-02-03
,14490,19544,434,304,0,,,,,,,2020-02-02
,14490,19544,433,304,0,,,,,,,2020-02-02
,14490,19544,432,304,0,,,,,,,2020-02-02
,14490,19544,430,304,0,,,,,,,2020-02-02
,14489,19544,430,304,0,,,,,,,2020-02-02
,14489,19544,420,304,0,,,,,,,2020-02-02
,14489,19544,419,304,0,,,,,,,2020-02-02
,14489,19544,418,304,0,,,,,,,2020-02-02
,14489,19544,412,304,0,,,,,,,2020-02-02
,14489,19544,406,304,0,,,,,,,2020-02-02
,14489,19544,397,304,0,,,,,,,2020-02-02
,14489,19544,389,304,0,,,,,,,2020-02-02
,14489,19544,388,304,0,,,,,,,2020-02-02
,14489,19544,385,304,0,,,,,,,2020-02-02
,14489,19544,384,304,0,,,,,,,2020-02-02
,14489,19544,383,304,0,,,,,,,2020-02-02
,14483,19544,381,304,0,,,,,,,2020-02-02
,14483,19544,381,304,,,,,,,,2020-02-02
,14483,19544,381,304,,,,,,,,2020-02-02
,14483,19544,380,304,,,,,,,,2020-02-02
,14483,19544,379,304,,,,,,,,2020-02-02
,14483,19544,342,304,,,,,,,,2020-02-02
,14483,19544,339,304,,,,,,,,2020-02-02
,14482,19544,339,304,,,,,,,,2020-02-02
,14482,19544,337,304,,,,,,,,2020-02-02
,14481,19544,337,304,,,,,,,,2020-02-02
,14481,19544,336,304,,,,,,,,2020-02-02
,14453,19544,336,304,,,,,,,,2020-02-02
,14445,19544,336,304,,,,,,,,2020-02-02
,14446,19544,332,304,,,,,,,,2020-02-02
,14433,19544,332,304,,,,,,,,2020-02-02
,14433,19544,331,304,,,,,,,,2020-02-02
,14428,19544,331,304,,,,,,,,2020-02-02
,14423,19544,331,304,,,,,,,,2020-02-02
,14418,19544,331,304,,,,,,,,2020-02-02
,14416,19544,331,304,,,,,,,,2020-02-02
,14413,19544,334,304,,,,,,,,2020-02-02
,14413,19544,331,304,,,,,,,,2020-02-02
,14411,19544,331,304,,,,,,,,2020-02-02
,14411,19544,333,304,,,,,,,,2020-02-02
,14411,19544,328,304,,,,,,,,2020-02-02
,14411,19544,328,304,,,,,,,,2020-02-02
,14411,19544,328,304,,,,,,,,2020-02-02
,13858,17988,322,304,,,,,,,,2020-02-02
,13858,17988,322,304,,,,,,,,2020-02-02
,13858,17988,322,304,,,,,,,,2020-02-02
,13858,17988,322,304,,,,,,,,2020-02-02
,11901,17988,275,259,,,,,,,,2020-02-01
,11899,17988,275,259,,,,,,,,2020-02-01
,11896,17988,275,259,,,,,,,,2020-02-01
,11891,17988,275,259,,,,,,,,2020-02-01
,11890,17988,275,259,,,,,,,,2020-02-01
,11890,17988,274,259,,,,,,,,2020-02-01
,11890,17988,273,259,,,,,,,,2020-02-01
,11890,17988,272,259,,,,,,,,2020-02-01
,11890,17988,270,259,,,,,,,,2020-02-01
,11889,17988,270,259,,,,,,,,2020-02-01
,11889,17988,269,259,,,,,,,,2020-02-01
,11889,17988,268,259,,,,,,,,2020-02-01
,11889,17988,267,259,,,,,,,,2020-02-01
,11889,17988,266,259,,,,,,,,2020-02-01
,11889,17988,263,259,,,,,,,,2020-02-01
,11889,17988,257,259,,,,,,,,2020-02-01
,11889,17988,255,259,,,,,,,,2020-02-01
,11877,17988,251,259,,,,,,,,2020-02-01
,11862,17988,250,259,,,,,,,,2020-02-01
,11860,17988,250,259,,,,,,,,2020-02-01
,11851,17988,248,259,,,,,,,,2020-02-01
,11851,17988,247,259,,,,,,,,2020-02-01
,11847,17988,247,259,,,,,,,,2020-02-01
,11844,17988,247,259,,,,,,,,2020-02-01
,11844,17988,246,259,,,,,,,,2020-02-01
,11828,17988,245,259,,,,,,,,2020-02-01
,11825,17988,246,259,,,,,,,,2020-02-01
,11822,17988,245,259,,,,,,,,2020-02-01
,11821,17988,245,259,,,,,,,,2020-02-01
,11821,17988,243,259,,,,,,,,2020-02-01
,11821,17988,243,259,,,,,,,,2020-02-01
,11821,17988,243,259,,,,,,,,2020-02-01
,11227,15238,214,214,,,,,,,,2020-02-01
,11209,15238,214,214,,,,,,,,2020-02-01
,9862,15238,214,214,,,,,,,,2020-02-01
,9854,15238,214,214,,,,,,,,2020-02-01
,9821,15238,214,213,,,,,,,,2020-02-01
,9811,15238,214,213,,,,,,,,2020-01-31
,9811,15238,211,213,,,,,,,,2020-01-31
,9811,15238,210,213,,,,,,,,2020-01-31
,9811,15238,205,213,,,,,,,,2020-01-31
,9811,15238,185,213,,,,,,,,2020-01-31
,9811,15238,186,213,,,,,,,,2020-01-31
,9810,15238,185,213,,,,,,,,2020-01-31
,9810,15238,182,213,,,,,,,,2020-01-31
,9810,15238,181,213,,,,,,,,2020-01-31
,9810,15238,181,213,,,,,,,,2020-01-31
,9810,15238,180,213,,,,,,,,2020-01-31
,9809,15238,180,213,,,,,,,,2020-01-31
,9795,15238,180,213,,,,,,,,2020-01-31
,9745,15238,178,213,,,,,,,,2020-01-31
,9745,15238,177,213,,,,,,,,2020-01-31
,9742,15238,176,213,,,,,,,,2020-01-31
,9737,15238,176,213,,,,,,,,2020-01-31
,9731,15238,176,213,,,,,,,,2020-01-31
,9724,15238,176,213,,,,,,,,2020-01-31
,9720,15238,176,213,,,,,,,,2020-01-31
,9704,15238,176,213,,,,,,,,2020-01-31
,9685,15238,176,213,,,,,,,,2020-01-31
,9720,15238,171,213,,,,,,,,2020-01-31
,9720,15238,171,213,,,,,,,,2020-01-31
,9066,12167,162,213,,,,,,,,2020-01-31
,8163,12167,136,171,,,,,,,,2020-01-31
,8156,12167,135,171,,,,,,,,2020-01-31
,8150,12167,135,171,,,,,,,,2020-01-31
,8149,12167,135,171,,,,,,,,2020-01-30
,8148,12167,135,171,,,,,,,,2020-01-30
,8147,12167,135,170,,,,,,,,2020-01-30
,7830,12167,135,170,,,,,,,,2020-01-30
,7830,12139,135,170,,,,,,,,2020-01-30
,7830,12139,133,170,,,,,,,,2020-01-30
,7828,12139,133,170,,,,,,,,2020-01-30
,7827,12139,133,170,,,,,,,,2020-01-30
,7826,12139,133,170,,,,,,,,2020-01-30
,7826,12139,132,170,,,,,,,,2020-01-30
,7783,12139,132,170,,,,,,,,2020-01-30
,7766,12139,132,170,,,,,,,,2020-01-30
,7753,12139,132,170,,,,,,,,2020-01-30
,7753,12139,131,170,,,,,,,,2020-01-30
,7742,12167,131,170,,,,,,,,2020-01-30
,7742,12167,130,170,,,,,,,,2020-01-30
,7737,12167,128,170,,,,,,,,2020-01-30
,7736,12167,126,170,,,,,,,,2020-01-30
,7736,12167,124,170,,,,,,,,2020-01-30
,7736,12167,124,170,,,,,,,,2020-01-30
,7736,12167,124,170,,,,,,,,2020-01-30
,7736,9239,124,170,,,,,,,,2020-01-30
,7206,9239,122,170,,,,,,,,2020-01-30
,6772,9239,120,133,,,,,,,,2020-01-30
,6095,9239,120,133,,,,,,,,2020-01-30
,6095,9239,119,133,,,,,,,,2020-01-29
,6086,9239,119,133,,,,,,,,2020-01-29
,6086,9239,119,132,,,,,,,,2020-01-29
,6086,9239,118,132,,,,,,,,2020-01-29
,6086,9239,118,132,,,,,,,,2020-01-29
,6086,9239,115,132,,,,,,,,2020-01-29
,6085,9239,115,132,,,,,,,,2020-01-29
,6083,9239,115,132,,,,,,,,2020-01-29
,6078,9239,115,132,,,,,,,,2020-01-29
,6078,9239,114,132,,,,,,,,2020-01-29
,6074,9239,114,132,,,,,,,,2020-01-29
,6043,9239,114,132,,,,,,,,2020-01-29
,6043,9239,110,132,,,,,,,,2020-01-29
,6041,9239,110,132,,,,,,,,2020-01-29
,6016,9239,110,132,,,,,,,,2020-01-29
,6015,9239,110,132,,,,,,,,2020-01-29
,6014,9239,110,132,,,,,,,,2020-01-29
,6014,9239,109,132,,,,,,,,2020-01-29
,6013,9239,109,132,,,,,,,,2020-01-29
,6013,9239,108,132,,,,,,,,2020-01-29
,6016,9239,108,132,,,,,,,,2020-01-29
,6005,9239,108,132,,,,,,,,2020-01-29
,6003,9239,108,132,,,,,,,,2020-01-29
,6002,9239,108,132,,,,,,,,2020-01-29
,6002,9239,107,132,,,,,,,,2020-01-29
,6002,9239,105,132,,,,,,,,2020-01-29
,5999,9239,105,132,,,,,,,,2020-01-29
,5999,9239,105,132,,,,,,,,2020-01-29
,5999,9239,104,132,,,,,,,,2020-01-29
,5998,9239,104,132,,,,,,,,2020-01-29
,5997,9239,104,132,,,,,,,,2020-01-29
,5997,9239,103,132,,,,,,,,2020-01-29
,5997,9239,103,132,,,,,,,,2020-01-29
,5974,9239,103,132,,,,,,,,2020-01-29
,5531,6972,101,131,,,,,,,,2020-01-29
,5517,6972,101,131,,,,,,,,2020-01-29
,4677,6972,73,106,,,,,,,,2020-01-29
,4633,6972,73,106,,,,,,,,2020-01-29
,4633,6972,73,106,,,,,,,,2020-01-29
,4633,6972,73,106,,,,,,,,2020-01-29
,4633,6972,73,106,,,,,,,,2020-01-29
,4631,6973,73,106,,,,,,,,2020-01-29
,4630,6973,73,106,,,,,,,,2020-01-28
,4630,6973,71,106,,,,,,,,2020-01-28
,4629,6973,71,106,,,,,,,,2020-01-28
,4622,6973,71,106,,,,,,,,2020-01-28
,4618,6973,69,106,,,,,,,,2020-01-28
,4599,6973,68,106,,,,,,,,2020-01-28
,4597,6973,68,106,,,,,,,,2020-01-28
,4597,6973,67,106,,,,,,,,2020-01-28
,4597,6973,65,106,,,,,,,,2020-01-28
,4586,6973,65,106,,,,,,,,2020-01-28
,4578,6973,65,106,,,,,,,,2020-01-28
,4474,5794,60,106,,,,,,,,2020-01-28
,4428,5794,60,106,,,,,,,,2020-01-28
,2902,5794,58,82,,,,,,,,2020-01-28
,2902,5794,58,82,,,,,,,,2020-01-28
,2889,5794,58,82,,,,,,,,2020-01-28
,2889,5794,58,82,,,,,,,,2020-01-28
,2889,5794,59,82,,,,,,,,2020-01-28
,2889,5794,57,82,,,,,,,,2020-01-28
,2889,5794,56,82,,,,,,,,2020-01-28
,2882,5794,56,82,,,,,,,,2020-01-28
,2858,5794,56,82,,,,,,,,2020-01-28
,2857,5794,56,82,,,,,,,,2020-01-27
,2846,5794,56,81,,,,,,,,2020-01-27
,2846,5794,56,81,,,,,,,,2020-01-27
,2844,5794,56,81,,,,,,,,2020-01-27
,2844,5794,55,81,,,,,,,,2020-01-27
,2840,5794,55,81,,,,,,,,2020-01-27
,2835,5794,55,81,,,,,,,,2020-01-27
,2835,5794,56,81,,,,,,,,2020-01-27
,2835,5794,58,81,,,,,,,,2020-01-27
,2828,5794,58,81,,,,,,,,2020-01-27
,2826,5794,58,81,,,,,,,,2020-01-27
,2823,5794,58,81,,,,,,,,2020-01-27
,2823,5794,57,81,,,,,,,,2020-01-27
,2823,5794,55,81,,,,,,,,2020-01-27
,2823,5794,53,81,,,,,,,,2020-01-27
,2819,5794,53,81,,,,,,,,2020-01-27
,2819,5794,52,81,,,,,,,,2020-01-27
,2818,5794,52,81,,,,,,,,2020-01-27
,2817,5794,52,81,,,,,,,,2020-01-27
,2784,5794,52,81,,,,,,,,2020-01-27
,2783,5794,52,81,,,,,,,,2020-01-27
,2780,5794,52,81,,,,,,,,2020-01-27
,2768,5794,52,80,,,,,,,,2020-01-27
,2762,5794,51,80,,,,,,,,2020-01-27
,2762,5794,51,80,,,,,,,,2020-01-27
,2744,5794,51,80,,,,,,,,2020-01-27
,2463,2692,51,80,,,,,,,,2020-01-27
,2463,2692,49,56,,,,,,,,2020-01-27
,2098,2692,49,56,,,,,,,,2020-01-27
,2093,2692,49,56,,,,,,,,2020-01-27
,2081,2692,49,56,,,,,,,,2020-01-27
,2081,2692,49,56,,,,,,,,2020-01-27
,2081,2692,49,56,,,,,,,,2020-01-27
,2080,2692,49,56,,,,,,,,2020-01-27
,2079,2692,49,56,,,,,,,,2020-01-27
,2076,2692,49,56,,,,,,,,2020-01-26
,2071,2692,49,56,,,,,,,,2020-01-26
,2066,2692,49,56,,,,,,,,2020-01-26
,2065,2692,49,56,,,,,,,,2020-01-26
,2064,2692,49,56,,,,,,,,2020-01-26
,2055,2692,49,56,,,,,,,,2020-01-26
,2049,2684,49,56,,,,,,,,2020-01-26
,2036,2684,49,56,,,,,,,,2020-01-26
,2033,2684,49,56,,,,,,,,2020-01-26
,2033,2684,49,56,,,,,,,,2020-01-26
,2033,2684,49,56,,,,,,,,2020-01-26
,2031,2684,49,56,,,,,,,,2020-01-26
,2029,2684,49,56,,,,,,,,2020-01-26
,2029,2684,49,56,,,,,,,,2020-01-26
,2018,2684,49,56,,,,,,,,2020-01-26
,2005,2684,49,56,,,,,,,,2020-01-26
,2002,2684,49,56,,,,,,,,2020-01-26
,1999,2684,49,56,,,,,,,,2020-01-26
,1992,2684,49,56,,,,,,,,2020-01-26
,1992,2684,49,56,,,,,,,,2020-01-26
,1992,2684,49,55,,,,,,,,2020-01-26
,1975,2684,49,56,,,,,,,,2020-01-26
,1975,2684,49,56,,,,,,,,2020-01-26
,1742,2032,49,54,,,,,,,,2020-01-26
,1409,2032,39,42,,,,,,,,2020-01-26
,1408,2032,39,42,,,,,,,,2020-01-25
,1377,1983,39,41,,,,,,,,2020-01-25
,1377,1983,39,41,,,,,,,,2020-01-25
,1372,1983,39,41,,,,,,,,2020-01-25
,1372,1983,39,41,,,,,,,,2020-01-25
,1372,1983,40,41,,,,,,,,2020-01-25
,1369,1983,40,41,,,,,,,,2020-01-25
,1369,1983,40,41,,,,,,,,2020-01-25
,1369,1983,40,41,,,,,,,,2020-01-25
,1356,1983,40,41,,,,,,,,2020-01-25
,1356,1983,40,41,,,,,,,,2020-01-25
,1356,1983,38,41,,,,,,,,2020-01-25
,1355,1983,38,41,,,,,,,,2020-01-25
,1355,1983,38,41,,,,,,,,2020-01-25
,1355,1983,38,41,,,,,,,,2020-01-25
,1337,1965,38,41,,,,,,,,2020-01-25
,1336,1965,38,41,,,,,,,,2020-01-25
,1330,1965,38,41,,,,,,,,2020-01-25
,1303,1965,38,41,,,,,,,,2020-01-25
,1303,1965,38,0,,,,,,,,2020-01-25
,1303,1965,38,41,,,,,,,,2020-01-25
,1287,1965,38,41,,,,,,,,2020-01-25
,1287,1965,38,41,,,,,,,,2020-01-25
,1118,1076,37,41,,,,,,,,2020-01-25
,923,1076,36,26,,,,,,,,2020-01-25
,912,1076,36,26,,,,,,,,2020-01-25
,902,1076,36,26,,,,,,,,2020-01-25
,897,1076,36,26,,,,,,,,2020-01-24
,897,1076,36,26,,,,,,,,2020-01-24
,896,1076,36,26,,,,,,,,2020-01-24
,894,1076,36,26,,,,,,,,2020-01-24
,894,1076,35,26,,,,,,,,2020-01-24
,887,1076,35,26,,,,,,,,2020-01-24
,887,1076,35,26,,,,,,,,2020-01-24
,887,1075,35,26,,,,,,,,2020-01-24
,887,1075,35,26,,,,,,,,2020-01-24
