,0
0,640101000000
1,市辖区
0,640104001002
1,111
2,崇安社区居委会
0,640104001003
1,111
2,兴隆社区居委会
0,640104001005
1,111
2,北安社区居委会
0,640104001007
1,111
2,安秀社区居委会
0,640104001008
1,111
2,阳澄社区居委会
0,640104001010
1,111
2,北塔社区居委会
0,640104001011
1,111
2,民运社区居委会
0,640104001000
1,凤凰北街街道办事处
0,640104002001
1,111
2,文艺社区居委会
0,640104002003
1,111
2,北苑社区居委会
0,640104002004
1,111
2,健康社区居委会
0,640104002006
1,111
2,银湖社区居委会
0,640104002008
1,111
2,海宝社区居委会
0,640104002009
1,111
2,华新社区居委会
0,640104002000
1,解放西街街道办事处
0,640104003001
1,111
2,山河湾社区居委会
0,640104003004
1,111
2,丰收社区居委会
0,640104003006
1,111
2,幸福社区居委会
0,640104003007
1,111
2,游乐社区居委会
0,640104003008
1,111
2,信义社区居委会
0,640104003009
1,111
2,天成社区居委会
0,640104003000
1,文化街街道办事处
0,640104004001
1,111
2,中寺社区居委会
0,640104004003
1,111
2,利群社区居委会
0,640104004004
1,111
2,大庙社区居委会
0,640104004006
1,111
2,自强社区居委会
0,640104004008
1,111
2,西关社区居委会
0,640104004009
1,111
2,南苑社区居委会
0,640104004000
1,富宁街街道办事处
0,640104005001
1,111
2,鼓楼社区居委会
0,640104005004
1,111
2,正丰社区居委会
0,640104005005
1,111
2,富华社区居委会
0,640104005006
1,111
2,永安社区居委会
0,640104005007
1,111
2,裕民社区居委会
0,640104005008
1,111
2,长信社区居委会
0,640104005009
1,111
2,双城门社区居委会
0,640104005010
1,111
2,宝庆社区居委会
0,640104005000
1,新华街街道办事处
0,640104006001
1,121
2,八一社区居委会
0,640104006003
1,121
2,高台社区居委会
0,640104006004
1,121
2,北关社区居委会
0,640104006007
1,121
2,永康社区居委会
0,640104006008
1,111
2,青山社区居委会
0,640104006009
1,121
2,东方社区居委会
0,640104006000
1,玉皇阁北街街道办事处
0,640104007003
1,111
2,陶瓷社区居委会
0,640104007005
1,111
2,华林社区居委会
0,640104007006
1,111
2,银华社区居委会
0,640104007007
1,111
2,星光华社区居委会
0,640104007008
1,111
2,西塔社区居委会
0,640104007000
1,前进街街道办事处
0,640104008002
1,111
2,新宁社区居委会
0,640104008004
1,111
2,康华社区居委会
0,640104008006
1,111
2,安和社区居委会
0,640104008007
1,111
2,富强社区居委会
0,640104008008
1,111
2,清和社区居委会
0,640104008009
1,111
2,金南社区居委会
0,640104008010
1,111
2,民乐社区居委会
0,640104008000
1,中山南街街道办事处
0,640104009002
1,121
2,春园社区居委会
0,640104009003
1,121
2,丽景社区居委会
0,640104009004
1,121
2,丽水社区居委会
0,640104009011
1,121
2,福园社区居委会
0,640104009012
1,121
2,景湖社区居委会
0,640104009013
1,111
2,迎宾社区居委会
0,640104009014
1,121
2,友爱社区居委会
0,640104009015
1,121
2,云和社区居委会
0,640104009016
1,121
2,康园社区居委会
0,640104009017
1,121
2,宝南社区居委会
0,640104009201
1,123
2,光华门村委会
0,640104009202
1,123
2,高台寺村委会
0,640104009203
1,123
2,友爱村委会
0,640104009000
1,银古路街道办事处
0,640104010007
1,111
2,康馨社区居委会
0,640104010008
1,111
2,南华社区居委会
0,640104010009
1,111
2,天盛社区居委会
0,640104010010
1,111
2,景园社区居委会
0,640104010012
1,111
2,祥和社区居委会
0,640104010013
1,111
2,家园社区居委会
0,640104010014
1,111
2,紫金社区居委会
0,640104010015
1,111
2,清苑社区居委会
0,640104010016
1,111
2,上前社区居委会
0,640104010000
1,胜利街街道办事处
0,640104011001
1,111
2,银虹社区居委会
0,640104011002
1,111
2,八里桥社区居委会
0,640104011003
1,111
2,双庄社区居委会
0,640104011004
1,112
2,满春社区居委会
0,640104011006
1,111
2,景墨社区居委会
0,640104011007
1,111
2,景太社区居委会
0,640104011008
1,111
2,雅苑社区居委会
0,640104011009
1,111
2,庆春社区居委会
0,640104011010
1,111
2,观湖社区居委会
0,640104011011
1,111
2,泰和社区居委会
0,640104011012
1,111
2,兰溪社区居委会
0,640104011013
1,111
2,春城社区居委会
0,640104011201
1,123
2,八里桥村委会
0,640104011202
1,123
2,双庄村委会
0,640104011203
1,123
2,满春村委会
0,640104011204
1,123
2,北塔村委会
0,640104011000
1,丽景街街道办事处
0,640104100001
1,121
2,横城花园社区居委会
0,640104100200
1,121
2,掌政村委会
0,640104100201
1,220
2,春林村委会
0,640104100202
1,220
2,洼路村委会
0,640104100203
1,220
2,五渡桥村委会
0,640104100204
1,220
2,镇河村委会
0,640104100205
1,220
2,孔雀村委会
0,640104100206
1,220
2,永南村委会
0,640104100207
1,220
2,碱富桥村委会
0,640104100208
1,220
2,强家庙村委会
0,640104100210
1,220
2,杨家寨村委会
0,640104100211
1,220
2,茂盛村委会
0,640104100000
1,掌政镇
0,640104101001
1,111
2,聚丰园社区居委会
0,640104101002
1,111
2,东城人家社区居委会
0,640104101200
1,220
2,上前城村委会
0,640104101201
1,220
2,塔桥村委会
0,640104101202
1,220
2,燕鸽村委会
0,640104101203
1,220
2,新渠稍村委会
0,640104101204
1,220
2,新水桥村委会
0,640104101205
1,111
2,大新村委会
0,640104101000
1,大新镇
0,640104200200
1,220
2,通南村委会
0,640104200201
1,210
2,通贵村委会
0,640104200202
1,220
2,通北村委会
0,640104200203
1,220
2,通西村委会
0,640104200204
1,220
2,司家桥村委会
0,640104200205
1,220
2,河滩村委会
0,640104200000
1,通贵乡
0,640104201200
1,220
2,小塘村委会
0,640104201201
1,220
2,大塘南村委会
0,640104201202
1,220
2,大塘北村委会
0,640104201203
1,220
2,海陶南村委会
0,640104201204
1,220
2,海陶北村委会
0,640104201205
1,220
2,塘南村委会
0,640104201206
1,210
2,月牙湖村委会
0,640104201207
1,220
2,滨河家园一村
0,640104201208
1,220
2,滨河家园二村
0,640104201209
1,220
2,滨河家园三村
0,640104201210
1,220
2,滨河家园四村
0,640104201211
1,220
2,滨河家园五村
0,640104201000
1,月牙湖乡
0,640104400001
1,111
2,燕庆园社区居委会
0,640104400002
1,111
2,银燕园社区居委会
0,640104400003
1,111
2,燕欣园社区居委会
0,640104400004
1,111
2,燕翔园社区居委会
0,640104400005
1,111
2,燕乐园社区居委会
0,640104400006
1,111
2,燕依园社区居委会
0,640104400000
1,燕鸽湖管委会
0,640104000000
1,兴庆区
0,640105001002
1,111
2,康庄社区居委会
0,640105001004
1,111
2,西花园社区居委会
0,640105001005
1,111
2,福利巷社区居委会
0,640105001006
1,111
2,惠民社区居委会
0,640105001007
1,111
2,橡民社区居委会
0,640105001008
1,111
2,沁园社区居委会
0,640105001009
1,111
2,梦园社区居委会
0,640105001010
1,111
2,兴洲南路社区居委会
0,640105001011
1,111
2,燕宝社区居委会
0,640105001012
1,111
2,花半里社区居委会
0,640105001013
1,111
2,兴洲苑社区居委会
0,640105001014
1,111
2,锦润社区居委会
0,640105001015
1,111
2,舜天苑社区居委会
0,640105001000
1,西花园街道办事处
0,640105002001
1,111
2,幸福巷社区居委会
0,640105002002
1,111
2,星光巷社区居委会
0,640105002003
1,111
2,金波路社区居委会
0,640105002004
1,111
2,建设巷社区居委会
0,640105002005
1,111
2,纺苑社区居委会
0,640105002006
1,111
2,地矿局社区居委会
0,640105002007
1,111
2,机床厂社区居委会
0,640105002008
1,111
2,育林巷社区居委会
0,640105002009
1,111
2,文萃南街社区居委会
0,640105002000
1,北京西路街道办事处
0,640105003001
1,111
2,翟靖巷社区居委会
0,640105003003
1,111
2,文昌南路社区居委会
0,640105003004
1,111
2,宁朔北路社区居委会
0,640105003005
1,111
2,文昌北路社区居委会
0,640105003006
1,111
2,艺术巷社区居委会
0,640105003007
1,111
2,长城须崎社区居委会
0,640105003008
1,111
2,荷花苑社区
0,640105003009
1,111
2,同安苑社区居委会
0,640105003000
1,文昌路街道办事处
0,640105004001
1,111
2,正茂巷社区居委会
0,640105004003
1,111
2,宁大社区居委会
0,640105004004
1,111
2,梧桐社区居委会
0,640105004005
1,111
2,同心苑社区居委会
0,640105004006
1,111
2,玫瑰园社区居委会
0,640105004007
1,111
2,恩和巷社区居委会
0,640105004008
1,111
2,文怀社区
0,640105004009
1,111
2,宁安巷社区居委会
0,640105004010
1,111
2,二一七大队社区居委会
0,640105004200
1,220
2,富宁村委会
0,640105004201
1,220
2,银西村委会
0,640105004000
1,朔方路街道办事处
0,640105005001
1,111
2,宁华园社区居委会
0,640105005002
1,112
2,园林社区居委会
0,640105005003
1,112
2,平吉堡社区居委会
0,640105005004
1,111
2,农垦建社区居委会
0,640105005005
1,111
2,兴磷社区居委会
0,640105005006
1,111
2,宁朔南路社区居委会
0,640105005000
1,宁华路街道办事处
0,640105006001
1,111
2,学院社区居委会
0,640105006003
1,112
2,南梁社区居委会
0,640105006004
1,111
2,伊地社区居委会
0,640105006007
1,111
2,盈北社区居委会
0,640105006010
1,111
2,书香苑社区居委会
0,640105006011
1,111
2,芦花洲社区居委会
0,640105006012
1,111
2,芦花台园林社区居委会
0,640105006200
1,220
2,顾家桥村村委会
0,640105006201
1,111
2,芦花村村委会
0,640105006202
1,220
2,三闸村村委会
0,640105006203
1,220
2,同庄村村委会
0,640105006204
1,220
2,良渠稍村村委会
0,640105006205
1,220
2,同阳新村村民委员会
0,640105006000
1,贺兰山西路街道办事处
0,640105007002
1,111
2,金阳社区居委会
0,640105007003
1,112
2,农牧场社区居委会
0,640105007004
1,111
2,八一社区居委会
0,640105007005
1,111
2,艺校社区居委会
0,640105007006
1,111
2,赛马社区居委会
0,640105007200
1,220
2,富宁村委会
0,640105007201
1,220
2,银西村委会
0,640105007000
1,怀远路街道办事处
0,640105100001
1,121
2,民生社区居委会
0,640105100002
1,121
2,泾华园社区居委会
0,640105100003
1,121
2,兴顺苑社区居委会
0,640105100200
1,220
2,西干村委会
0,640105100201
1,220
2,泾河村委会
0,640105100202
1,220
2,兴盛村委会
0,640105100203
1,220
2,泾华村委会
0,640105100204
1,220
2,黄花村委会
0,640105100205
1,220
2,十里铺村委会
0,640105100000
1,兴泾镇
0,640105101001
1,121
2,华西社区居委会
0,640105101200
1,220
2,团结村委会
0,640105101201
1,220
2,华西村委会
0,640105101202
1,220
2,德林村委会
0,640105101203
1,220
2,昊苑村委会
0,640105101209
1,220
2,镇北堡村委会
0,640105101000
1,镇北堡镇
0,640105000000
1,西夏区
0,640106001002
1,111
2,中强巷社区
0,640106001003
1,111
2,满春园社区
0,640106001004
1,111
2,紫阳社区
0,640106001006
1,111
2,立交桥社区
0,640106001007
1,111
2,紫馨苑社区
0,640106001008
1,112
2,阅海社区
0,640106001009
1,111
2,居安家园社区
0,640106001010
1,111
2,彩虹湾社区
0,640106001200
1,220
2,平伏桥村委会
0,640106001000
1,满城北街街道办事处
0,640106002001
1,111
2,金家巷社区
0,640106002003
1,111
2,银啤苑社区
0,640106002004
1,111
2,新苑社区
0,640106002005
1,111
2,工业集中区社区
0,640106002006
1,111
2,荣锦苑社区
0,640106002007
1,111
2,新�L苑社区
0,640106002009
1,111
2,湖畔嘉苑社区
0,640106002010
1,111
2,盈南家园社区
0,640106002011
1,111
2,福通社区
0,640106002012
1,111
2,颐和城府社区
0,640106002200
1,220
2,盈南村委会
0,640106002201
1,220
2,魏家桥村委会
0,640106002202
1,220
2,砖渠村委会
0,640106002203
1,220
2,双渠口村委会
0,640106002000
1,黄河东路街道办事处
0,640106003001
1,111
2,南苑社区
0,640106003002
1,111
2,花样年华社区
0,640106003003
1,111
2,紫园社区
0,640106003004
1,111
2,长城花园社区
0,640106003005
1,111
2,林湖左岸社区
0,640106003007
1,111
2,保伏桥社区
0,640106003008
1,111
2,五里水乡社区
0,640106003009
1,111
2,宝湖社区
0,640106003010
1,111
2,宁安社区
0,640106003011
1,111
2,金宇名庭社区
0,640106003012
1,111
2,鲁银社区
0,640106003200
1,220
2,五里台村委会
0,640106003201
1,220
2,高桥村委会
0,640106003202
1,220
2,五里台新村委会
0,640106003000
1,长城中路街道办事处
0,640106004001
1,111
2,锦绣苑社区
0,640106004003
1,111
2,蓝山名邸社区
0,640106004004
1,111
2,安居苑社区
0,640106004005
1,111
2,民生花园社区
0,640106004006
1,111
2,清馨苑社区
0,640106004007
1,111
2,森林公园社区
0,640106004000
1,北京中路街道办事处
0,640106005001
1,111
2,区建一公司社区
0,640106005002
1,111
2,清水湾社区
0,640106005003
1,111
2,银新苑南区社区
0,640106005004
1,111
2,银新苑北区社区
0,640106005007
1,111
2,馨和苑社区
0,640106005010
1,111
2,逸馨苑社区
0,640106005011
1,111
2,阅海万家社区
0,640106005012
1,111
2,银丰社区
0,640106005013
1,111
2,景湖社区
0,640106005014
1,111
2,西湖社区
0,640106005000
1,上海西路街道办事处
0,640106100001
1,220
2,林场社区
0,640106100200
1,220
2,园子村委会
0,640106100201
1,220
2,金星村委会
0,640106100202
1,121
2,兴源村委会
0,640106100203
1,220
2,光明村委会
0,640106100204
1,220
2,泾龙村委会
0,640106100205
1,220
2,园林村委会
0,640106100206
1,220
2,植物园村委会
0,640106100207
1,220
2,和顺新村委会
0,640106100000
1,良田镇
0,640106101200
1,220
2,西湖村委会
0,640106101201
1,220
2,西新村委会
0,640106101202
1,220
2,新联村委会
0,640106101203
1,220
2,新丰村委会
0,640106101204
1,121
2,联丰村委会
0,640106101205
1,220
2,永丰村委会
0,640106101206
1,220
2,润丰村村委会
0,640106101207
1,220
2,和丰村村委会
0,640106101000
1,丰登镇
0,640106000000
1,金凤区
0,640121001001
1,121
2,建设居委会
0,640121001002
1,121
2,利民居委会
0,640121001003
1,121
2,胜利居委会
0,640121001004
1,121
2,团结居委会
0,640121001005
1,121
2,东环居委会
0,640121001006
1,121
2,南环居委会
0,640121001007
1,121
2,阳光居委会
0,640121001008
1,121
2,祥和居委会
0,640121001009
1,121
2,宁和居委会
0,640121001010
1,121
2,永和居委会
0,640121001000
1,团结西路街道办事处
0,640121100200
1,121
2,王太村委会
0,640121100201
1,122
2,惠丰村委会
0,640121100202
1,121
2,杨和村委会
0,640121100203
1,122
2,永红村委会
0,640121100204
1,122
2,观桥村委会
0,640121100205
1,122
2,纳家户村委会
0,640121100206
1,122
2,东全村委会
0,640121100207
1,220
2,南北全村委会
0,640121100208
1,122
2,旺全村委会
0,640121100209
1,122
2,红星村委会
0,640121100500
1,220
2,农作物研究所生活区
0,640121100000
1,杨和镇
0,640121101001
1,121
2,李俊居委会
0,640121101200
1,220
2,西邵村委会
0,640121101201
1,220
2,宁化村委会
0,640121101202
1,121
2,李庄村委会
0,640121101203
1,220
2,古光村委会
0,640121101204
1,122
2,金塔村委会
0,640121101205
1,121
2,李俊村委会
0,640121101206
1,220
2,魏团村委会
0,640121101207
1,220
2,雷台村委会
0,640121101208
1,220
2,东方村委会
0,640121101209
1,220
2,许桥村委会
0,640121101210
1,220
2,丰登村委会
0,640121101211
1,121
2,侯寨村委会
0,640121101212
1,220
2,友爱村委会
0,640121101213
1,220
2,王团村委会
0,640121101214
1,220
2,团结村委会
0,640121101000
1,李俊镇
0,640121102001
1,121
2,望远居委会
0,640121102002
1,121
2,唐湾居委会
0,640121102003
1,121
2,蓝山居委会
0,640121102004
1,121
2,西位居委会
0,640121102005
1,121
2,红旗居委会
0,640121102006
1,121
2,新银居委会
0,640121102007
1,121
2,银子湖居委会
0,640121102008
1,121
2,立业春城居委会
0,640121102009
1,121
2,丰盈居委会
0,640121102202
1,122
2,望远村委会
0,640121102203
1,122
2,东位村委会
0,640121102206
1,220
2,永清村委会
0,640121102207
1,220
2,上河村委会
0,640121102208
1,220
2,政权村委会
0,640121102209
1,220
2,政台村委会
0,640121102210
1,220
2,立强村委会
0,640121102211
1,220
2,长湖村委会
0,640121102212
1,220
2,通桥村委会
0,640121102213
1,220
2,板桥村委会
0,640121102500
1,220
2,良繁场
0,640121102000
1,望远镇
0,640121103200
1,220
2,南方村委会
0,640121103201
1,121
2,望洪村委会
0,640121103202
1,121
2,西玉村委会
0,640121103203
1,121
2,农丰村委会
0,640121103204
1,121
2,农声村委会
0,640121103205
1,121
2,西和村委会
0,640121103206
1,220
2,东和村委会
0,640121103207
1,220
2,增岗村委会
0,640121103208
1,121
2,前渠村委会
0,640121103209
1,220
2,史庄村委会
0,640121103210
1,220
2,宋澄村委会
0,640121103211
1,220
2,北渠村委会
0,640121103212
1,220
2,靖益村委会
0,640121103213
1,220
2,金星村委会
0,640121103214
1,220
2,高渠村委会
0,640121103215
1,220
2,新华村委会
0,640121103000
1,望洪镇
0,640121104001
1,121
2,福宁社区居委会
0,640121104200
1,121
2,福宁村委会
0,640121104201
1,220
2,木兰村委会
0,640121104202
1,220
2,武河村委会
0,640121104203
1,220
2,园艺村委会
0,640121104204
1,220
2,玉海村委会
0,640121104205
1,121
2,原隆村委会
0,640121104000
1,闽宁镇
0,640121200200
1,220
2,胜利村委会
0,640121200201
1,220
2,许旺村委会
0,640121200202
1,210
2,八渠村委会
0,640121200203
1,220
2,陆坊村委会
0,640121200204
1,210
2,杨显村委会
0,640121200205
1,220
2,五渠村委会
0,640121200206
1,220
2,先锋村委会
0,640121200207
1,220
2,烽火村委会
0,640121200208
1,220
2,园林村委会
0,640121200500
1,220
2,杨显林场
0,640121200000
1,胜利乡
0,640121400001
1,123
2,黄羊滩农场社区居委会
0,640121400000
1,黄羊滩农场
0,640121401001
1,123
2,玉泉营农场社区居委会
0,640121401000
1,玉泉营农场
0,640121000000
1,永宁县
0,640122100001
1,121
2,利民社区居委会
0,640122100002
1,121
2,光明社区居委会
0,640122100003
1,121
2,居安社区居委会
0,640122100004
1,121
2,团结社区居委会
0,640122100005
1,121
2,马家寨社区居委会
0,640122100006
1,121
2,友爱社区居委会
0,640122100007
1,121
2,太阳城社区居委会
0,640122100008
1,121
2,贺兰县习岗镇金河社区居民委员会
0,640122100009
1,121
2,贺兰县习岗镇天鹅湖社区居民委员会
0,640122100010
1,121
2,贺兰县习岗镇如意湖社区居民委员会
0,640122100011
1,121
2,贺兰县习岗镇花园社区居民委员会
0,640122100200
1,122
2,黎明村委会
0,640122100201
1,122
2,经济桥村委会
0,640122100202
1,121
2,桃林村委会
0,640122100203
1,122
2,习岗村委会
0,640122100204
1,121
2,德胜村委会
0,640122100205
1,122
2,新胜村委会
0,640122100206
1,122
2,和平村委会
0,640122100207
1,220
2,新平村委会
0,640122100208
1,220
2,五星村委会
0,640122100209
1,111
2,沙渠村委会
0,640122100210
1,122
2,红旗村委会
0,640122100000
1,习岗镇
0,640122101200
1,220
2,银河村委会
0,640122101201
1,122
2,保南村委会
0,640122101202
1,122
2,银光村委会
0,640122101203
1,122
2,金贵村委会
0,640122101204
1,121
2,联星村委会
0,640122101205
1,220
2,汉佐村委会
0,640122101207
1,220
2,雄英村委会
0,640122101208
1,220
2,潘昶村委会
0,640122101209
1,220
2,红星村委会
0,640122101210
1,220
2,江南村委会
0,640122101211
1,220
2,关渠村委会
0,640122101214
1,220
2,通昌村委会
0,640122101000
1,金贵镇
0,640122102200
1,220
2,金星村委会
0,640122102202
1,220
2,银星村委会
0,640122102204
1,220
2,兰丰村委会
0,640122102205
1,121
2,立岗村委会
0,640122102207
1,220
2,兰星村委会
0,640122102208
1,220
2,兰光村委会
0,640122102209
1,220
2,先进村委会
0,640122102210
1,220
2,清水村委会
0,640122102211
1,220
2,通伏村委会
0,640122102212
1,220
2,幸福村委会
0,640122102213
1,220
2,星光村委会
0,640122102214
1,220
2,通义村委会
0,640122102215
1,220
2,永华村委会
0,640122102216
1,220
2,民乐村委会
0,640122102217
1,220
2,永兴村委会
0,640122102000
1,立岗镇
0,640122103001
1,121
2,洪广社区
0,640122103200
1,220
2,高荣村委会
0,640122103201
1,220
2,金沙村委会
0,640122103202
1,122
2,洪广村委会
0,640122103203
1,220
2,北庙村委会
0,640122103204
1,121
2,洪西村委会
0,640122103206
1,220
2,金鑫村委会
0,640122103207
1,220
2,金山村委会
0,640122103208
1,220
2,欣荣村委会
0,640122103209
1,220
2,广荣村委会
0,640122103501
1,220
2,金山林场
0,640122103000
1,洪广镇
0,640122200200
1,220
2,王田村委会
0,640122200201
1,220
2,于祥村委会
0,640122200202
1,220
2,五渠村委会
0,640122200203
1,220
2,团结村委会
0,640122200204
1,220
2,桂南村委会
0,640122200205
1,220
2,桂文村委会
0,640122200206
1,220
2,新华村委会
0,640122200207
1,210
2,新民村委会
0,640122200208
1,220
2,张亮村委会
0,640122200209
1,220
2,四十里店村委会
0,640122200210
1,220
2,旭光村委会
0,640122200212
1,220
2,丁义村委会
0,640122200213
1,220
2,丁北村委会
0,640122200214
1,220
2,潭渠村委会
0,640122200000
1,常信乡
0,640122400501
1,220
2,铁西大队村委会
0,640122400502
1,123
2,铁东大队村委会
0,640122400503
1,220
2,隆源村委会
0,640122400000
1,南梁台子管委会
0,640122401001
1,123
2,暖泉农场社区居委会
0,640122401501
1,220
2,东干渠东区村委会
0,640122401502
1,220
2,西干渠西区村委会
0,640122401000
1,暖泉农场
0,640122402598
1,123
2,虚拟村委会
0,640122402000
1,宁夏原种场
0,640122403598
1,123
2,虚拟村委会
0,640122403000
1,京星农牧场
0,640122000000
1,贺兰县
0,640181001001
1,111
2,谢家井社区
0,640181001002
1,111
2,西湖社区
0,640181001003
1,111
2,人民街社区
0,640181001004
1,111
2,西苑社区
0,640181001005
1,111
2,鼓楼社区
0,640181001006
1,111
2,朔方路社区
0,640181001007
1,111
2,东盛街社区
0,640181001008
1,111
2,水木灵州社区
0,640181001009
1,111
2,育才街社区
0,640181001010
1,111
2,西昌街社区
0,640181001011
1,111
2,西平路社区
0,640181001012
1,111
2,兴业路社区
0,640181001013
1,121
2,镇河塔社区
0,640181001000
1,城区街道办事处
0,640181100200
1,121
2,城一村委会
0,640181100201
1,121
2,城二村委会
0,640181100202
1,121
2,园艺村委会
0,640181100203
1,121
2,新园村委会
0,640181100204
1,220
2,果园村委会
0,640181100205
1,111
2,东塔村委会
0,640181100206
1,220
2,黎明村委会
0,640181100207
1,220
2,宋桥村委会
0,640181100208
1,112
2,安家湖村委会
0,640181100500
1,220
2,北沙窝林场
0,640181100501
1,220
2,园艺实验场
0,640181100000
1,东塔镇
0,640181101200
1,220
2,王家嘴村委会
0,640181101201
1,220
2,崔渠口村委会
0,640181101202
1,220
2,西渠村委会
0,640181101203
1,220
2,胡家堡村委会
0,640181101204
1,121
2,郝家桥村委会
0,640181101205
1,220
2,关渠村委会
0,640181101206
1,220
2,吴家湖村委会
0,640181101207
1,220
2,沈家湖村委会
0,640181101208
1,220
2,大泉村委会
0,640181101209
1,220
2,十里墩村委会
0,640181101210
1,220
2,沙江村委会
0,640181101211
1,220
2,上滩村委会
0,640181101212
1,220
2,东滩村委会
0,640181101213
1,220
2,永清村委会
0,640181101214
1,220
2,狼皮子梁村委会
0,640181101215
1,220
2,兴旺村委会
0,640181101216
1,220
2,团结村委会
0,640181101217
1,220
2,新民村委会
0,640181101218
1,220
2,漫水塘村委会
0,640181101219
1,220
2,泾灵南村
0,640181101220
1,220
2,泾灵北村
0,640181101500
1,220
2,大泉园林场
0,640181101000
1,郝家桥镇
0,640181102001
1,121
2,崇兴社区
0,640181102200
1,220
2,韩渠村委会
0,640181102201
1,121
2,崇兴村委会
0,640181102202
1,220
2,台子村委会
0,640181102203
1,220
2,中渠村委会
0,640181102204
1,220
2,中北村委会
0,640181102205
1,220
2,海子村委会
0,640181102206
1,220
2,榆木桥村委会
0,640181102207
1,220
2,杜木桥村委会
0,640181102208
1,220
2,杜家滩村委会
0,640181102209
1,220
2,郭碱滩村委会
0,640181102210
1,220
2,龙须滩村委会
0,640181102211
1,220
2,新架桥村委会
0,640181102500
1,220
2,良繁场
0,640181102501
1,220
2,新华桥种苗场
0,640181102000
1,崇兴镇
0,640181103001
1,121
2,中心区社区
0,640181103002
1,123
2,灵新矿社区
0,640181103003
1,121
2,梅苑社区
0,640181103004
1,123
2,建安社区
0,640181103200
1,220
2,永利村委会
0,640181103201
1,220
2,马跑泉村委会
0,640181103202
1,220
2,回民巷村委会
0,640181103203
1,220
2,东湾村委会
0,640181103204
1,220
2,清水营村委会
0,640181103500
1,220
2,白芨滩林场
0,640181103000
1,宁东镇
0,640181104200
1,121
2,马家滩村委会
0,640181104201
1,220
2,大羊其村委会
0,640181104202
1,220
2,杨圈湾村委会
0,640181104203
1,220
2,西三村委会
0,640181104000
1,马家滩镇
0,640181105200
1,220
2,上桥村委会
0,640181105201
1,220
2,红柳湾村委会
0,640181105202
1,220
2,下桥村委会
0,640181105203
1,220
2,二道沟村委会
0,640181105204
1,121
2,临河村委会
0,640181105205
1,220
2,石坝村委会
0,640181105206
1,220
2,甜水河村委会
0,640181105000
1,临河镇
0,640181200200
1,220
2,杨洪桥村委会
0,640181200201
1,220
2,沙坝头村委会
0,640181200202
1,210
2,梧桐树村委会
0,640181200203
1,220
2,陶家圈村委会
0,640181200204
1,220
2,史家壕村委会
0,640181200205
1,220
2,李家圈村委会
0,640181200206
1,220
2,北滩村委会
0,640181200207
1,220
2,河忠村委会
0,640181200000
1,梧桐树乡
0,640181201200
1,220
2,枣岗子村委会
0,640181201201
1,220
2,火城子村委会
0,640181201202
1,220
2,新火村委会
0,640181201203
1,220
2,新立村委会
0,640181201204
1,220
2,新红村委会
0,640181201205
1,210
2,长流水村委会
0,640181201208
1,220
2,华新村委会
0,640181201209
1,210
2,海子井村委会
0,640181201212
1,220
2,泾兴村
0,640181201400
1,220
2,石沟驿煤矿社区
0,640181201500
1,220
2,长庆综合服务处生活区
0,640181201000
1,白土岗乡
0,640181400001
1,123
2,农场居委会
0,640181400000
1,灵武农场
0,640181401598
1,123
2,狼皮子梁林场虚拟村
0,640181401000
1,狼皮子梁管委会
0,640181000000
1,灵武市
0,640100000000
1,银川市
0,640201000000
1,市辖区
0,640202001001
1,111
2,骏马居委会
0,640202001002
1,111
2,金驼居委会
0,640202001004
1,111
2,奔牛居委会
0,640202001005
1,111
2,总机修厂居委会
0,640202001006
1,111
2,龙泉居委会
0,640202001007
1,111
2,九竹居委会
0,640202001200
1,112
2,潮湖村委会
0,640202001201
1,112
2,龙泉村委会
0,640202001202
1,112
2,长胜村委会
0,640202001000
1,长胜街道办事处
0,640202002001
1,111
2,万盛居委会
0,640202002002
1,111
2,东胜居委会
0,640202002003
1,111
2,怡心居委会
0,640202002005
1,111
2,长胜居委会
0,640202002008
1,112
2,永康居委会
0,640202002009
1,111
2,长庆居委会
0,640202002010
1,111
2,仁和居委会
0,640202002011
1,111
2,阳光居委会
0,640202002012
1,111
2,景苑居委会
0,640202002000
1,朝阳街道办事处
0,640202003001
1,111
2,建设居委会
0,640202003002
1,111
2,工人街居委会
0,640202003003
1,111
2,文明居委会
0,640202003005
1,111
2,红星居委会
0,640202003006
1,111
2,游艺东街居委会
0,640202003009
1,111
2,东方居委会
0,640202003010
1,111
2,民生居委会
0,640202003000
1,人民路街道办事处
0,640202004001
1,111
2,健民居委会
0,640202004002
1,111
2,九零五居委会
0,640202004004
1,111
2,鸣沙居委会
0,640202004005
1,111
2,金山居委会
0,640202004006
1,111
2,荣景居委会
0,640202004000
1,长城街道办事处
0,640202005004
1,111
2,团结居委会
0,640202005005
1,111
2,红旗居委会
0,640202005006
1,111
2,永乐居委会
0,640202005007
1,111
2,裕园居委会
0,640202005008
1,111
2,胜利居委会
0,640202005009
1,111
2,汉唐居委会
0,640202005010
1,111
2,蓝山居委会
0,640202005000
1,青山街道办事处
0,640202006006
1,111
2,文化街居委会
0,640202006007
1,111
2,红光街居委会
0,640202006010
1,111
2,新华街社区
0,640202006000
1,石炭井街道办事处
0,640202007003
1,111
2,白芨沟居委会
0,640202007005
1,111
2,大峰居委会
0,640202007000
1,白芨沟街道办事处
0,640202008002
1,112
2,绿洲居委会
0,640202008004
1,111
2,翠柳居委会
0,640202008000
1,沟口街道办事处
0,640202010001
1,111
2,电厂居委会
0,640202010002
1,111
2,铁路居委会
0,640202010200
1,111
2,兴民村委会
0,640202010000
1,长兴街道办事处
0,640202011002
1,111
2,锦林居委会
0,640202011003
1,111
2,安康居委会
0,640202011004
1,111
2,丽日居委会
0,640202011011
1,111
2,府佑水香居委会
0,640202011000
1,锦林街道办事处
0,640202100006
1,121
2,古香居委会
0,640202100007
1,121
2,新民居委会
0,640202100010
1,121
2,东湖社区
0,640202100206
1,220
2,果园村委会
0,640202100208
1,220
2,星海村委会
0,640202100209
1,220
2,枣香村委会
0,640202100210
1,220
2,祥和村委会
0,640202100211
1,220
2,隆惠村委会
0,640202100212
1,122
2,临湖村委会
0,640202100213
1,220
2,星光村委会
0,640202100214
1,220
2,富民村委会
0,640202100000
1,星海镇
0,640202000000
1,大武口区
0,640205001001
1,111
2,庆安居委会
0,640205001003
1,111
2,桥西居委会
0,640205001004
1,111
2,育才路居委会
0,640205001005
1,111
2,水厂居委会
0,640205001006
1,111
2,新建路居委会
0,640205001007
1,111
2,银河苑社区居委会
0,640205001000
1,育才路街道办事处
0,640205002001
1,111
2,春晖居委会
0,640205002004
1,111
2,矿务局居委会
0,640205002005
1,111
2,广西居委会
0,640205002006
1,111
2,憩园居委会
0,640205002007
1,111
2,乐新居委会
0,640205002008
1,111
2,矿中居委会
0,640205002009
1,111
2,新村居委会
0,640205002000
1,南街街道办事处
0,640205003001
1,111
2,金融居委会
0,640205003003
1,111
2,一号井居委会
0,640205003004
1,111
2,中街居委会
0,640205003005
1,111
2,陶瓷居委会
0,640205003006
1,111
2,星火居委会
0,640205003000
1,中街街道办事处
0,640205004003
1,111
2,公园居委会
0,640205004006
1,111
2,朝阳居委会
0,640205004000
1,北街街道办事处
0,640205005002
1,111
2,电厂居委会
0,640205005004
1,111
2,钢花居委会
0,640205005005
1,111
2,红旗居委会
0,640205005007
1,111
2,滨园居委会
0,640205005008
1,111
2,兴旺居委会
0,640205005009
1,111
2,荷花居委会
0,640205005011
1,111
2,屯园社区
0,640205005000
1,河滨街道办事处
0,640205006002
1,111
2,花园居委会
0,640205006006
1,111
2,火车站居委会
0,640205006008
1,111
2,矿安路居委会
0,640205006000
1,火车站街道办事处
0,640205100001
1,121
2,惠东居委会
0,640205100002
1,122
2,惠西居委会
0,640205100003
1,220
2,红果子居委会
0,640205100004
1,220
2,长城居委会
0,640205100200
1,122
2,马家湾村委会
0,640205100205
1,122
2,下营子村委会
0,640205100206
1,220
2,上营子村委会
0,640205100207
1,220
2,宝马村委会
0,640205100208
1,220
2,五渠村委会
0,640205100000
1,红果子镇
0,640205101001
1,220
2,佳苑社区居委会
0,640205101002
1,123
2,水城民生社区
0,640205101200
1,121
2,尾闸村委会
0,640205101201
1,220
2,和平村委会
0,640205101202
1,122
2,团结村委会
0,640205101203
1,220
2,下庄子村委会
0,640205101204
1,220
2,聚宝村委会
0,640205101205
1,220
2,西河桥村委会
0,640205101000
1,尾闸镇
0,640205102001
1,111
2,桥东居委会
0,640205102002
1,111
2,吉运居委会
0,640205102003
1,111
2,静宁社区居委会
0,640205102004
1,111
2,静安社区居委会
0,640205102005
1,111
2,惠民社区居委会
0,640205102006
1,111
2,水韵名都居委会
0,640205102200
1,111
2,安乐桥村委会
0,640205102201
1,111
2,园艺村委会
0,640205102202
1,112
2,底埂村委会
0,640205102000
1,园艺镇
0,640205200200
1,210
2,省悟村委会
0,640205200201
1,210
2,寇家桥村委会
0,640205200202
1,220
2,静安村委会
0,640205200203
1,220
2,李岗村委会
0,640205200204
1,220
2,东永固村委会
0,640205200205
1,122
2,通丰村委会
0,640205200206
1,220
2,乐土岭村委会
0,640205200000
1,庙台乡
0,640205201200
1,210
2,永平村委会
0,640205201201
1,220
2,星火村委会
0,640205201202
1,220
2,银河村委会
0,640205201203
1,220
2,红柳岗村委会
0,640205201204
1,220
2,红柴梁村委会
0,640205201205
1,220
2,礼和村委会
0,640205201206
1,220
2,沿河村委会
0,640205201000
1,礼和乡
0,640205202200
1,210
2,燕子墩村委会
0,640205202201
1,220
2,外西河村委会
0,640205202202
1,220
2,汪家庄村委会
0,640205202203
1,220
2,上宝闸村委会
0,640205202204
1,220
2,路家营村委会
0,640205202205
1,220
2,简泉村委会
0,640205202206
1,220
2,黄渠拐子村委会
0,640205202207
1,220
2,蛟龙口村委会
0,640205202208
1,220
2,西永固村委会
0,640205202209
1,220
2,雁窝池村委会
0,640205202210
1,220
2,海燕村村委会
0,640205202000
1,燕子墩乡
0,640205401001
1,123
2,简泉社区
0,640205401000
1,简泉农场
0,640205402598
1,123
2,国营农林牧场虚拟生活区
0,640205402000
1,国营农林牧场
0,640205403598
1,123
2,虚拟村委会
0,640205403000
1,良种繁殖场
0,640205000000
1,惠农区
0,640221100001
1,121
2,古城居委会
0,640221100002
1,121
2,东苑居委会
0,640221100003
1,121
2,鑫盛居委会
0,640221100004
1,121
2,北苑居委会
0,640221100005
1,121
2,新世纪居委会
0,640221100006
1,121
2,和平居委会
0,640221100007
1,121
2,玉皇阁居委会
0,640221100008
1,121
2,星海居委会
0,640221100009
1,122
2,太西居委会
0,640221100010
1,121
2,新利居委会
0,640221100011
1,121
2,明珠居委会
0,640221100012
1,121
2,明月居委会
0,640221100013
1,121
2,阳光居委会
0,640221100014
1,121
2,金顺居委会
0,640221100015
1,121
2,饮马湖居委会
0,640221100016
1,121
2,唐徕居委会
0,640221100017
1,220
2,铁东居委会
0,640221100200
1,121
2,合作村委会
0,640221100201
1,122
2,和平村委会
0,640221100202
1,122
2,新建村委会
0,640221100203
1,122
2,关渠村委会
0,640221100204
1,122
2,新利村委会
0,640221100205
1,122
2,新民村委会
0,640221100206
1,122
2,前进村委会
0,640221100207
1,122
2,前锋村委会
0,640221100208
1,220
2,步口桥村委会
0,640221100209
1,220
2,沿河村委会
0,640221100210
1,220
2,前卫村委会
0,640221100211
1,220
2,小兴墩村委会
0,640221100212
1,122
2,星火村委会
0,640221100213
1,122
2,老户村委会
0,640221100214
1,122
2,二闸村委会
0,640221100215
1,122
2,三闸村委会
0,640221100500
1,220
2,农牧场
0,640221100501
1,220
2,苗木繁育中心生活区
0,640221100502
1,220
2,渔种场
0,640221100503
1,220
2,良种繁育场
0,640221100504
1,122
2,盐改实验站生活区
0,640221100000
1,城关镇
0,640221101001
1,121
2,黄渠桥居委会
0,640221101200
1,122
2,红光村委会
0,640221101201
1,122
2,黄渠桥村委会
0,640221101202
1,220
2,前光村委会
0,640221101203
1,220
2,侯家梁村委会
0,640221101204
1,220
2,四渠村委会
0,640221101205
1,220
2,万家营村委会
0,640221101206
1,220
2,渠中村委会
0,640221101207
1,220
2,通润村委会
0,640221101208
1,220
2,永丰村委会
0,640221101209
1,220
2,通惠村委会
0,640221101210
1,220
2,惠北村委会
0,640221101211
1,220
2,五星村委会
0,640221101212
1,220
2,西润村委会
0,640221101213
1,220
2,联丰村委会
0,640221101000
1,黄渠桥镇
0,640221102001
1,121
2,宝丰居委会
0,640221102200
1,122
2,镇关村委会
0,640221102201
1,122
2,宝丰村委会
0,640221102202
1,220
2,兴胜村委会
0,640221102203
1,220
2,吴家湾村委会
0,640221102204
1,220
2,陆渠村委会
0,640221102205
1,220
2,渠羊村委会
0,640221102206
1,220
2,中方村委会
0,640221102207
1,220
2,新渠村委会
0,640221102208
1,220
2,马家桥村委会
0,640221102000
1,宝丰镇
0,640221103001
1,121
2,头闸居委会
0,640221103200
1,122
2,头闸村委会
0,640221103201
1,220
2,东通平村委会
0,640221103202
1,220
2,永惠村委会
0,640221103203
1,220
2,西永惠村委会
0,640221103204
1,122
2,东永惠村委会
0,640221103205
1,220
2,裕民村委会
0,640221103206
1,220
2,外红岗村委会
0,640221103207
1,220
2,红岗村委会
0,640221103208
1,220
2,邵家桥村委会
0,640221103209
1,220
2,立新村委会
0,640221103210
1,220
2,双渠村委会
0,640221103211
1,220
2,正闸村委会
0,640221103000
1,头闸镇
0,640221104001
1,121
2,姚伏居委会
0,640221104200
1,122
2,灯塔村委会
0,640221104201
1,122
2,姚伏村委会
0,640221104202
1,220
2,曙光村委会
0,640221104203
1,220
2,高荣村委会
0,640221104204
1,220
2,沙渠村委会
0,640221104205
1,220
2,永胜村委会
0,640221104206
1,220
2,小店子村委会
0,640221104207
1,220
2,周城村委会
0,640221104208
1,220
2,团庄村委会
0,640221104209
1,220
2,高路村委会
0,640221104210
1,220
2,大兴墩村委会
0,640221104211
1,220
2,赵渠村委会
0,640221104212
1,220
2,上桥村委会
0,640221104213
1,220
2,向前村委会
0,640221104214
1,220
2,沈渠村委会
0,640221104215
1,220
2,北营子村委会
0,640221104216
1,220
2,张家墩村委会
0,640221104217
1,220
2,许家桥村委会
0,640221104000
1,姚伏镇
0,640221105001
1,121
2,崇岗居委会
0,640221105200
1,122
2,崇岗村委会
0,640221105201
1,122
2,崇富村委会
0,640221105202
1,122
2,崇胜村委会
0,640221105203
1,220
2,兰丰村委会
0,640221105204
1,220
2,跃进村委会
0,640221105205
1,220
2,镇朔村委会
0,640221105206
1,122
2,下庙村委会
0,640221105207
1,122
2,常青村委会
0,640221105208
1,122
2,暖泉村委会
0,640221105000
1,崇岗镇
0,640221106001
1,121
2,东街居委会
0,640221106002
1,121
2,西街居委会
0,640221106200
1,122
2,王家庄村委会
0,640221106201
1,220
2,东园村委会
0,640221106202
1,220
2,马太沟村委会
0,640221106203
1,220
2,施家台子村委会
0,640221106204
1,220
2,庙庙湖村委会
0,640221106500
1,220
2,良繁场
0,640221106501
1,220
2,治沙林场
0,640221106000
1,陶乐镇
0,640221200200
1,210
2,金星村委会
0,640221200201
1,220
2,高庄村委会
0,640221200202
1,220
2,幸福村委会
0,640221200203
1,220
2,同进村委会
0,640221200204
1,220
2,银光村委会
0,640221200205
1,220
2,远景村委会
0,640221200206
1,220
2,北长渠村委会
0,640221200207
1,220
2,东风村委会
0,640221200208
1,220
2,东胜村委会
0,640221200209
1,220
2,广华村委会
0,640221200210
1,220
2,新村村委会
0,640221200211
1,220
2,威镇村委会
0,640221200212
1,220
2,惠威村委会
0,640221200000
1,高庄乡
0,640221201200
1,210
2,灵沙村委会
0,640221201201
1,220
2,先锋村委会
0,640221201202
1,220
2,东灵村委会
0,640221201203
1,220
2,胜利村委会
0,640221201204
1,220
2,光明村委会
0,640221201205
1,220
2,西灵村委会
0,640221201206
1,220
2,田家村委会
0,640221201207
1,220
2,东润村委会
0,640221201208
1,220
2,何家村委会
0,640221201209
1,220
2,富贵村委会
0,640221201210
1,220
2,统一村委会
0,640221201000
1,灵沙乡
0,640221202200
1,210
2,渠口村委会
0,640221202201
1,220
2,六羊村委会
0,640221202202
1,220
2,红阳村委会
0,640221202203
1,220
2,永光村委会
0,640221202204
1,220
2,金桥村委会
0,640221202205
1,220
2,红旗村委会
0,640221202206
1,220
2,银星村委会
0,640221202207
1,220
2,新桥村委会
0,640221202208
1,220
2,六中村委会
0,640221202209
1,220
2,分水闸村委会
0,640221202210
1,220
2,宏潮村委会
0,640221202211
1,220
2,阮桥村委会
0,640221202212
1,220
2,交济村委会
0,640221202000
1,渠口乡
0,640221203200
1,210
2,通伏村委会
0,640221203201
1,220
2,金堂桥村委会
0,640221203202
1,220
2,集中村委会
0,640221203203
1,220
2,永兴村委会
0,640221203204
1,220
2,团结村委会
0,640221203205
1,220
2,马场村委会
0,640221203206
1,220
2,永华村委会
0,640221203207
1,220
2,五香村委会
0,640221203208
1,220
2,新潮村委会
0,640221203209
1,220
2,通城村委会
0,640221203210
1,220
2,新丰村委会
0,640221203211
1,220
2,罗家庄村委会
0,640221203212
1,220
2,兴林村委会
0,640221203500
1,220
2,黄河湿地保护林场
0,640221203000
1,通伏乡
0,640221204200
1,220
2,八顷村委会
0,640221204201
1,210
2,高仁村委会
0,640221204202
1,220
2,六顷地村委会
0,640221204203
1,220
2,东沙村委会
0,640221204000
1,高仁乡
0,640221205200
1,210
2,红崖子村委会
0,640221205201
1,220
2,王家沟村委会
0,640221205202
1,220
2,五堆子村委会
0,640221205203
1,220
2,水泉子村委会
0,640221205204
1,220
2,三棵柳村委会
0,640221205205
1,210
2,红翔新村村委会
0,640221205206
1,220
2,红瑞村委会
0,640221205000
1,红崖子乡
0,640221400001
1,123
2,西大滩居委会
0,640221400002
1,123
2,沙湖居委会
0,640221400500
1,220
2,管区村委会
0,640221400000
1,前进农场
0,640221000000
1,平罗县
0,640200000000
1,石嘴山市
0,640301000000
1,市辖区
0,640302100003
1,121
2,金丰社区居委会
0,640302100200
1,121
2,西门村委会
0,640302100201
1,121
2,北门村委会
0,640302100202
1,121
2,东门村委会
0,640302100203
1,122
2,关渠村委会
0,640302100204
1,220
2,黎花桥村委会
0,640302100205
1,220
2,马家桥村委会
0,640302100206
1,220
2,芦沟闸村委会
0,640302100207
1,220
2,河渠拜村委会
0,640302100208
1,220
2,丁家湾子村委会
0,640302100209
1,220
2,塔湾村委会
0,640302100210
1,220
2,大庙桥村委会
0,640302100211
1,220
2,秦坝关村委会
0,640302100212
1,220
2,大院子村委会
0,640302100213
1,220
2,露天洼子村委会
0,640302100214
1,220
2,郝渠村委会
0,640302100215
1,220
2,油粮桥村委会
0,640302100216
1,220
2,田桥村委会
0,640302100000
1,金积镇
0,640302101200
1,220
2,四支渠村委会
0,640302101201
1,220
2,灵白村委会
0,640302101202
1,220
2,银新村委会
0,640302101203
1,121
2,沟台村委会
0,640302101204
1,220
2,西滩村委会
0,640302101205
1,220
2,团庄村委会
0,640302101206
1,220
2,杨马湖村委会
0,640302101207
1,220
2,新渠村委会
0,640302101208
1,220
2,东沟湾村委会
0,640302101500
1,220
2,良繁办事处
0,640302101501
1,220
2,金川办事处
0,640302101502
1,220
2,园艺场
0,640302101000
1,金银滩镇
0,640302102200
1,220
2,郭桥村委会
0,640302102201
1,220
2,周闸村委会
0,640302102202
1,122
2,韩桥村委会
0,640302102203
1,121
2,高闸村委会
0,640302102204
1,121
2,朱渠村委会
0,640302102205
1,220
2,李桥村委会
0,640302102206
1,220
2,马家湖村委会
0,640302102500
1,220
2,关马湖农场
0,640302102000
1,高闸镇
0,640302103200
1,220
2,扁担沟村委会
0,640302103201
1,220
2,烽火墩村委会
0,640302103202
1,121
2,高糜子湾村委会
0,640302103203
1,122
2,双吉沟村委会
0,640302103204
1,220
2,渠口村委会
0,640302103205
1,220
2,黄沙窝村委会
0,640302103206
1,220
2,海子井村委会
0,640302103207
1,220
2,西沟沿村委会
0,640302103208
1,220
2,南梁村委会
0,640302103209
1,220
2,五里坡村委会
0,640302103210
1,220
2,同利村委会
0,640302103211
1,220
2,石家窑村委会
0,640302103212
1,220
2,赵家沟村委会
0,640302103213
1,220
2,渔光湖村村委会
0,640302103214
1,220
2,吴家沟村委会
0,640302103500
1,220
2,良繁场
0,640302103000
1,扁担沟镇
0,640302104200
1,111
2,瓜儿渠村委会
0,640302104201
1,111
2,上桥村委会
0,640302104202
1,111
2,花寺村委会
0,640302104203
1,112
2,涝河桥村委会
0,640302104204
1,112
2,牛家坊村委会
0,640302104205
1,111
2,八家坊村委会
0,640302104206
1,111
2,官田村委会
0,640302104207
1,111
2,罗渠村委会
0,640302104000
1,上桥镇
0,640302105001
1,111
2,怡园社区居委会
0,640302105002
1,111
2,清宁河社区居委会
0,640302105200
1,112
2,古城村委会
0,640302105201
1,111
2,红星村委会
0,640302105202
1,111
2,左营村委会
0,640302105203
1,111
2,五星村委会
0,640302105204
1,112
2,金星村委会
0,640302105205
1,112
2,朝阳村委会
0,640302105206
1,112
2,新生村委会
0,640302105207
1,112
2,秦桥村委会
0,640302105208
1,112
2,黎明村委会
0,640302105209
1,112
2,党家河湾村委会
0,640302105210
1,220
2,新华桥村委会
0,640302105000
1,古城镇
0,640302106001
1,111
2,富平社区居委会
0,640302106002
1,111
2,金花园居委会
0,640302106003
1,111
2,开元居委会
0,640302106004
1,111
2,裕西居委会
0,640302106005
1,111
2,金塔居委会
0,640302106006
1,111
2,明珠社区居委会
0,640302106007
1,111
2,材机居委会
0,640302106008
1,111
2,金星花园社区居委会
0,640302106009
1,111
2,利宁社区居委会
0,640302106010
1,111
2,阳光骄子社区居委会
0,640302106000
1,金星镇
0,640302107001
1,111
2,中华居委会
0,640302107002
1,111
2,朝阳居委会
0,640302107003
1,111
2,上桥居委会
0,640302107004
1,111
2,新华居委会
0,640302107005
1,111
2,秦渠居委会
0,640302107006
1,111
2,永昌居委会
0,640302107007
1,111
2,民生居委会
0,640302107008
1,111
2,富荣社区居委会
0,640302107000
1,胜利镇
0,640302200200
1,111
2,柴园村委会
0,640302200201
1,111
2,李园村委会
0,640302200202
1,220
2,石佛寺村委会
0,640302200203
1,220
2,刘碱滩村委会
0,640302200204
1,220
2,洼路沟村委会
0,640302200205
1,220
2,二道桥村委会
0,640302200206
1,111
2,塔寺村委会
0,640302200207
1,220
2,干饭渠村委会
0,640302200208
1,220
2,新接堡村委会
0,640302200209
1,220
2,白寺滩村委会
0,640302200000
1,东塔寺乡
0,640302201200
1,111
2,蔡桥村委会
0,640302201201
1,111
2,板桥村委会
0,640302201202
1,220
2,任桥村委会
0,640302201203
1,220
2,波浪渠村委会
0,640302201204
1,111
2,高家湖村委会
0,640302201205
1,112
2,巷道村委会
0,640302201206
1,111
2,梁湾村委会
0,640302201207
1,111
2,李闸渠村村委会
0,640302201208
1,112
2,罗家湖村委会
0,640302201209
1,112
2,洼渠村委会
0,640302201210
1,220
2,早元村委会
0,640302201000
1,板桥乡
0,640302202200
1,220
2,杨渠村委会
0,640302202201
1,210
2,柴桥村委会
0,640302202202
1,210
2,马莲渠村委会
0,640302202203
1,210
2,岔渠桥村委会
0,640302202204
1,220
2,汉北堡村委会
0,640302202205
1,220
2,巴浪湖村委会
0,640302202206
1,220
2,廖桥村委会
0,640302202207
1,220
2,陈木闸村委会
0,640302202000
1,马莲渠乡
0,640302203200
1,220
2,杨家岔村委会
0,640302203201
1,220
2,吴家桥村委会
0,640302203202
1,210
2,郭家桥村委会
0,640302203203
1,210
2,刘家湾村委会
0,640302203204
1,210
2,山水沟村委会
0,640302203205
1,220
2,清水沟村委会
0,640302203206
1,220
2,涝河桥村委会
0,640302203207
1,210
2,马家大湾村委会
0,640302203000
1,郭家桥乡
0,640302400200
1,220
2,园艺队
0,640302400201
1,123
2,一队村委会
0,640302400400
1,123
2,场部
0,640302400501
1,123
2,二队村委会
0,640302400502
1,123
2,三队村委会
0,640302400503
1,123
2,四队村委会
0,640302400504
1,123
2,五队村委会
0,640302400505
1,220
2,六队村委会
0,640302400506
1,220
2,七队村委会
0,640302400507
1,220
2,八队村委会
0,640302400508
1,220
2,九队村委会
0,640302400509
1,220
2,十队村委会
0,640302400510
1,220
2,二道湾农场一队
0,640302400511
1,220
2,二道湾农场二队
0,640302400512
1,220
2,二道湾农场三队
0,640302400000
1,巴浪湖农场
0,640302401501
1,123
2,种畜场
0,640302401599
1,220
2,贮草站
0,640302401000
1,孙家滩管委会
0,640302000000
1,利通区
0,640303001001
1,111
2,罗山居委会
0,640303001002
1,111
2,东方居委会
0,640303001003
1,111
2,鹏胜居委会
0,640303001100
1,111
2,创业居委会
0,640303001101
1,111
2,振兴居委会
0,640303001000
1,红寺堡区新民街道办事处
0,640303100200
1,220
2,梨花村委会
0,640303100202
1,111
2,兴旺村委会
0,640303100203
1,111
2,团结村村委会
0,640303100206
1,220
2,光彩村委会
0,640303100207
1,220
2,朝阳村委会
0,640303100208
1,220
2,玉池村委会
0,640303100209
1,220
2,中圈塘村委会
0,640303100210
1,220
2,东源村委会
0,640303100211
1,220
2,上源村委会
0,640303100212
1,220
2,弘德村村委会
0,640303100213
1,220
2,同原村
0,640303100214
1,111
2,红海村村委会
0,640303100215
1,111
2,红关村村委会
0,640303100216
1,220
2,河水村村委会
0,640303100000
1,红寺堡区红寺堡镇
0,640303101208
1,220
2,买河村委会
0,640303101210
1,220
2,周新村委会
0,640303101215
1,220
2,周圈村
0,640303101216
1,220
2,红星村
0,640303101217
1,220
2,田原村
0,640303101218
1,220
2,巴庄村
0,640303101219
1,220
2,塘坊梁村
0,640303101220
1,121
2,小泉村
0,640303101221
1,220
2,兴民村
0,640303101222
1,220
2,潘河村
0,640303101223
1,220
2,白塔水村
0,640303101000
1,红寺堡区太阳山镇
0,640303200200
1,220
2,红崖村委会
0,640303200201
1,220
2,龙泉村委会
0,640303200202
1,220
2,麻黄沟村委会
0,640303200203
1,210
2,大河村委会
0,640303200204
1,220
2,开元村委会
0,640303200205
1,220
2,龙兴村委会
0,640303200206
1,220
2,香园村委会
0,640303200207
1,220
2,石炭沟村委会
0,640303200208
1,220
2,平岭子村委会
0,640303200209
1,220
2,石坡子村委会
0,640303200210
1,220
2,河西村委会
0,640303200211
1,220
2,乌沙塘村委会
0,640303200212
1,220
2,龙源村
0,640303200000
1,红寺堡区大河乡
0,640303201200
1,220
2,沙草墩村委会
0,640303201201
1,220
2,康庄村委会
0,640303201202
1,210
2,白墩村委会
0,640303201203
1,220
2,红阳村委会
0,640303201204
1,220
2,中川村委会
0,640303201205
1,220
2,东川村委会
0,640303201208
1,220
2,杨柳村委会
0,640303201209
1,220
2,南源村委会
0,640303201210
1,220
2,洪沟滩村委会
0,640303201211
1,220
2,新台村委会
0,640303201212
1,220
2,柳树台村委会
0,640303201213
1,220
2,向阳村委会
0,640303201214
1,220
2,菊花台村委会
0,640303201215
1,220
2,西源村委会
0,640303201216
1,220
2,红川村
0,640303201217
1,220
2,新集村
0,640303201000
1,红寺堡区新庄集乡
0,640303202200
1,220
2,甜水河村委会
0,640303202201
1,210
2,柳泉村委会
0,640303202202
1,210
2,沙泉村委会
0,640303202203
1,220
2,永新村委会
0,640303202204
1,220
2,红塔村委会
0,640303202205
1,220
2,豹子滩村委会
0,640303202206
1,220
2,黄羊滩村委会
0,640303202207
1,220
2,水套村委会
0,640303202210
1,220
2,利原村
0,640303202213
1,220
2,利同村
0,640303202214
1,220
2,羊坊滩村
0,640303202000
1,红寺堡区柳泉乡
0,640303400498
1,123
2,红寺堡工业园虚拟社区
0,640303400000
1,红寺堡工业园区管委会
0,640303000000
1,红寺堡区
0,640323100001
1,121
2,利民居委会
0,640323100002
1,121
2,南关居委会
0,640323100003
1,121
2,芙蓉社区居委会
0,640323100004
1,121
2,北关居委会
0,640323100005
1,121
2,花园居委会
0,640323100006
1,121
2,小井坑居委会
0,640323100007
1,121
2,南苑社区居委会
0,640323100008
1,121
2,振兴社区居委会
0,640323100009
1,121
2,龙辰社区居委会
0,640323100010
1,121
2,龙翔社区
0,640323100011
1,121
2,西苑社区
0,640323100200
1,220
2,长城村委会
0,640323100201
1,122
2,沟沿村委会
0,640323100202
1,220
2,佟记圈村委会
0,640323100203
1,220
2,四墩子村委会
0,640323100204
1,220
2,田记掌村委会
0,640323100205
1,220
2,八岔梁村委会
0,640323100206
1,220
2,郭记沟村委会
0,640323100207
1,220
2,柳杨堡村委会
0,640323100208
1,220
2,皖记沟村委会
0,640323100209
1,220
2,沙边子村委会
0,640323100210
1,220
2,东塘村委会
0,640323100211
1,220
2,冒寨子村委会
0,640323100212
1,220
2,李记沟村委会
0,640323100213
1,220
2,红沟梁村委会
0,640323100214
1,220
2,高利乌苏村委会
0,640323100215
1,220
2,苏步井村委会
0,640323100216
1,220
2,李华台村委会
0,640323100217
1,220
2,芨芨沟村委会
0,640323100218
1,220
2,硝池子村委会
0,640323100219
1,220
2,北塘新村村委会
0,640323100220
1,220
2,盈德村委会
0,640323100221
1,220
2,惠泽村委会
0,640323100222
1,220
2,裕兴村委会
0,640323100000
1,花马池镇
0,640323101001
1,121
2,裕民居委会
0,640323101002
1,121
2,长庆居委会
0,640323101003
1,121
2,兴盛居委会
0,640323101200
1,122
2,大水坑村委会
0,640323101201
1,220
2,新泉井村委会
0,640323101202
1,220
2,宋堡子村委会
0,640323101203
1,220
2,柳条井村委会
0,640323101204
1,220
2,新建村委会
0,640323101205
1,220
2,莎草湾村委会
0,640323101206
1,220
2,摆宴井村委会
0,640323101207
1,220
2,向阳村委会
0,640323101208
1,220
2,红井子村委会
0,640323101209
1,220
2,马坊村委会
0,640323101210
1,220
2,二道沟村委会
0,640323101211
1,220
2,新桥村委会
0,640323101212
1,220
2,东风村委会
0,640323101213
1,220
2,李伏渠村委会
0,640323101214
1,220
2,王新庄村委会
0,640323101000
1,大水坑镇
0,640323102001
1,121
2,惠安居委会
0,640323102201
1,220
2,杨儿庄村委会
0,640323102202
1,220
2,隰宁堡村委会
0,640323102203
1,220
2,大坝村委会
0,640323102204
1,220
2,杜记沟村委会
0,640323102205
1,220
2,狼布掌村委会
0,640323102206
1,220
2,老盐池村委会
0,640323102207
1,220
2,萌城村委会
0,640323102208
1,220
2,四股泉村委会
0,640323102209
1,220
2,麦草掌村委会
0,640323102210
1,220
2,林记口子村委会
0,640323102211
1,220
2,杏树梁村委会
0,640323102212
1,122
2,惠安堡村委会
0,640323102213
1,220
2,惠苑村村委会
0,640323102000
1,惠安堡镇
0,640323103001
1,121
2,安康居委会
0,640323103200
1,122
2,高沙窝村委会
0,640323103201
1,220
2,南梁村委会
0,640323103202
1,220
2,长流墩村委会
0,640323103203
1,220
2,施记圈村委会
0,640323103204
1,220
2,营西村委会
0,640323103205
1,220
2,宝塔村委会
0,640323103206
1,220
2,二步坑村委会
0,640323103207
1,220
2,大圪��村委会
0,640323103208
1,220
2,李庄子村委会
0,640323103000
1,高沙窝镇
0,640323200200
1,210
2,王乐井村委会
0,640323200201
1,220
2,边记洼村委会
0,640323200202
1,220
2,石山子村委会
0,640323200203
1,220
2,曾记畔村委会
0,640323200204
1,220
2,牛记圈村委会
0,640323200205
1,220
2,刘四渠村委会
0,640323200206
1,220
2,郑家堡村委会
0,640323200207
1,220
2,鸦儿沟村委会
0,640323200208
1,220
2,官滩村委会
0,640323200209
1,220
2,王吾岔村委会
0,640323200210
1,220
2,孙家楼村委会
0,640323200211
1,220
2,狼洞沟村委会
0,640323200212
1,220
2,双圪��村委会
0,640323200000
1,王乐井乡
0,640323201001
1,210
2,兴隆社区居委会
0,640323201200
1,210
2,冯记沟村委会
0,640323201201
1,220
2,丁记掌村委会
0,640323201202
1,220
2,暴记春村委会
0,640323201203
1,220
2,回六庄村委会
0,640323201204
1,220
2,马儿庄村委会
0,640323201205
1,220
2,汪水塘村委会
0,640323201206
1,220
2,平台村委会
0,640323201207
1,220
2,雨强村委会
0,640323201000
1,冯记沟乡
0,640323202200
1,210
2,青山村委会
0,640323202201
1,220
2,猫头梁村委会
0,640323202202
1,220
2,郝记台村委会
0,640323202203
1,220
2,方山村委会
0,640323202204
1,220
2,营盘台村委会
0,640323202205
1,220
2,月儿泉村委会
0,640323202206
1,220
2,古峰庄村委会
0,640323202207
1,220
2,旺四滩村委会
0,640323202000
1,青山乡
0,640323203200
1,210
2,麻黄山村委会
0,640323203201
1,220
2,松记水村委会
0,640323203202
1,220
2,井滩子村委会
0,640323203203
1,220
2,下高窑村委会
0,640323203204
1,220
2,黄羊岭村委会
0,640323203205
1,220
2,何新庄村委会
0,640323203206
1,220
2,管记掌村委会
0,640323203207
1,220
2,后洼村委会
0,640323203208
1,220
2,包塬村委会
0,640323203209
1,220
2,李塬畔村委会
0,640323203210
1,220
2,胶泥湾村委会
0,640323203211
1,220
2,唐平庄村委会
0,640323203212
1,220
2,沙崾岘村委会
0,640323203000
1,麻黄山乡
0,640323000000
1,盐池县
0,640324100001
1,121
2,富兴社区居委会
0,640324100002
1,121
2,预园社区居委会
0,640324100004
1,121
2,豫西社区居委会
0,640324100006
1,121
2,新华社区居委会
0,640324100007
1,121
2,永春社区居委会
0,640324100200
1,122
2,园艺村委会
0,640324100201
1,122
2,城北村委会
0,640324100202
1,122
2,城二村委会
0,640324100203
1,121
2,城一村委会
0,640324100204
1,220
2,庙儿岭村委会
0,640324100205
1,220
2,沙沿村委会
0,640324100206
1,220
2,沙咀城村委会
0,640324100207
1,220
2,砚台村委会
0,640324100208
1,220
2,麻疙瘩村委会
0,640324100209
1,220
2,边桥村委会
0,640324100210
1,220
2,余家梁村委会
0,640324100211
1,121
2,兴隆村委会
0,640324100212
1,220
2,黑家套子村委会
0,640324100213
1,220
2,黄石村委会
0,640324100214
1,220
2,惠安新村村委会
0,640324100215
1,220
2,满春村委会
0,640324100000
1,豫海镇
0,640324101200
1,220
2,朝阳村委会
0,640324101201
1,220
2,刺鸦咀子村委会
0,640324101202
1,220
2,大洪沟村委会
0,640324101203
1,220
2,马家河湾村委会
0,640324101204
1,220
2,艾家湾村委会
0,640324101205
1,220
2,农场村委会
0,640324101206
1,220
2,桃山村委会
0,640324101207
1,122
2,塘坊村委会
0,640324101208
1,122
2,建新村委会
0,640324101209
1,122
2,杨河套子村委会
0,640324101210
1,121
2,石坝村委会
0,640324101211
1,121
2,红旗村委会
0,640324101217
1,220
2,上河湾村委会
0,640324101218
1,220
2,下河湾村委会
0,640324101219
1,220
2,李沿子村委会
0,640324101220
1,220
2,菊花台村委会
0,640324101221
1,220
2,旱天岭村委会
0,640324101222
1,220
2,同德村委会
0,640324101223
1,220
2,同富村委会
0,640324101000
1,河西镇
0,640324102200
1,121
2,韦一村委会
0,640324102201
1,122
2,韦二村委会
0,640324102202
1,122
2,河湾村委会
0,640324102203
1,122
2,南门村委会
0,640324102204
1,220
2,马庄子村委会
0,640324102205
1,122
2,石峡村委会
0,640324102206
1,122
2,闫家圈村委会
0,640324102208
1,220
2,青龙山村委会
0,640324102211
1,220
2,久庄村委会
0,640324102212
1,220
2,甘沟村委会
0,640324102213
1,220
2,庆华村委会
0,640324102000
1,韦州镇
0,640324103200
1,121
2,南关村委会
0,640324103201
1,122
2,北关村委会
0,640324103202
1,121
2,西沟村委会
0,640324103203
1,121
2,五里墩村委会
0,640324103204
1,220
2,王古窑村委会
0,640324103205
1,220
2,申家滩村委会
0,640324103206
1,220
2,窖坑子村委会
0,640324103207
1,220
2,白家滩村委会
0,640324103208
1,220
2,池家峁村委会
0,640324103209
1,220
2,郑儿庄村委会
0,640324103210
1,220
2,刘家滩村委会
0,640324103211
1,220
2,陈儿庄村委会
0,640324103212
1,220
2,三山井村委会
0,640324103213
1,220
2,赵家庙村委会
0,640324103214
1,220
2,下垣村委会
0,640324103215
1,220
2,上垣村委会
0,640324103216
1,220
2,平远村委会
0,640324103217
1,220
2,南安村委会
0,640324103218
1,220
2,张家树村委会
0,640324103219
1,220
2,新园村委会
0,640324103220
1,220
2,田园村委会
0,640324103000
1,下马关镇
0,640324104200
1,121
2,南关村委会
0,640324104201
1,121
2,南塬村委会
0,640324104202
1,220
2,贺家塬村委会
0,640324104203
1,220
2,白崖子村委会
0,640324104204
1,220
2,龚家湾村委会
0,640324104205
1,220
2,青羊泉村委会
0,640324104206
1,220
2,孙石庄村委会
0,640324104207
1,220
2,胡堡子村委会
0,640324104208
1,220
2,李洼子村委会
0,640324104209
1,220
2,郭阳洼村委会
0,640324104210
1,220
2,陈石塘村委会
0,640324104211
1,220
2,柳树堡村委会
0,640324104212
1,220
2,土峰村委会
0,640324104213
1,220
2,沙土坡村委会
0,640324104214
1,122
2,北关村委会
0,640324104000
1,预旺镇
0,640324105200
1,220
2,张家湾村委会
0,640324105201
1,220
2,虎家湾村委会
0,640324105202
1,220
2,前红村委会
0,640324105203
1,122
2,东滩村委会
0,640324105204
1,121
2,南村委会
0,640324105205
1,122
2,北村委会
0,640324105206
1,121
2,沟南村委会
0,640324105207
1,220
2,罗家河湾村委会
0,640324105208
1,220
2,联合村委会
0,640324105209
1,220
2,倒墩子村委会
0,640324105210
1,220
2,大沟沿村委会
0,640324105213
1,220
2,虎红湾村委会
0,640324105216
1,220
2,红沟阳洼村委会
0,640324105217
1,220
2,大湾村委会
0,640324105218
1,220
2,黄草岭村委会
0,640324105219
1,220
2,刘家川村委会
0,640324105220
1,220
2,马套子村委会
0,640324105222
1,220
2,堡子掌村委会
0,640324105223
1,220
2,蔡家滩村委会
0,640324105224
1,220
2,吊堡子村委会
0,640324105225
1,220
2,罗台村委会
0,640324105226
1,220
2,新堡村委会
0,640324105227
1,220
2,羊路村委会
0,640324105230
1,220
2,圆枣村委会
0,640324105231
1,220
2,李家庄村委会
0,640324105000
1,王团镇
0,640324106200
1,121
2,杨家河湾村委会
0,640324106201
1,220
2,长沟村委会
0,640324106202
1,220
2,李家岗子村委会
0,640324106203
1,122
2,窑岗子村委会
0,640324106204
1,121
2,丁家塘村委会
0,640324106205
1,121
2,团结村委会
0,640324106206
1,220
2,河草沟村委会
0,640324106207
1,121
2,杨家塘村委会
0,640324106208
1,220
2,新庄子村委会
0,640324106209
1,220
2,张家滩村委会
0,640324106210
1,220
2,吴家河湾村委会
0,640324106211
1,220
2,新华村委会
0,640324106212
1,220
2,干湾沟村委会
0,640324106213
1,220
2,金家井村委会
0,640324106214
1,220
2,小山村委会
0,640324106215
1,220
2,八方村委会
0,640324106216
1,220
2,长乐村委会
0,640324106217
1,220
2,湾段头村委会
0,640324106218
1,220
2,南阳村委会
0,640324106000
1,丁塘镇
0,640324201212
1,220
2,石羊圈村委会
0,640324201213
1,220
2,深沟村委会
0,640324201216
1,220
2,窑山村委会
0,640324201217
1,210
2,石塘岭村委会
0,640324201221
1,220
2,李家山村委会
0,640324201222
1,220
2,五道岭子村委会
0,640324201224
1,220
2,套塘村委会
0,640324201000
1,田老庄乡
0,640324202200
1,220
2,白阳洼村委会
0,640324202204
1,210
2,马高庄村委会
0,640324202206
1,220
2,乔家湾村委会
0,640324202207
1,220
2,邱家渠村委会
0,640324202210
1,220
2,赵家树村委会
0,640324202211
1,220
2,沟滩村委会
0,640324202212
1,220
2,何家渠村委会
0,640324202000
1,马高庄乡
0,640324203202
1,220
2,范堡子村委会
0,640324203204
1,220
2,海棠湖村委会
0,640324203205
1,220
2,犁花咀村委会
0,640324203208
1,220
2,汪家塬村委会
0,640324203211
1,210
2,张家塬村委会
0,640324203213
1,220
2,折腰沟村委会
0,640324203217
1,220
2,驼骆崾岘村委会
0,640324203218
1,220
2,苏家岭村委会
0,640324203000
1,张家塬乡
0,640324204201
1,210
2,李堡村委会
0,640324204202
1,210
2,新生村委会
0,640324204203
1,220
2,王团村委会
0,640324204204
1,220
2,黄谷村委会
0,640324204205
1,220
2,冯川村委会
0,640324204206
1,220
2,王大套村委会
0,640324204000
1,兴隆乡
0,640324000000
1,同心县
0,640381001002
1,111
2,东街居委会
0,640381001004
1,111
2,南苑居委会
0,640381001006
1,111
2,紫薇居委会
0,640381001007
1,111
2,怡园居委会
0,640381001008
1,111
2,北苑居委会
0,640381001009
1,111
2,银河居委会
0,640381001010
1,111
2,惠源社区
0,640381001011
1,111
2,唐源社区
0,640381001000
1,裕民街道办事处
0,640381100200
1,112
2,小坝村委会
0,640381100201
1,112
2,张岗村委会
0,640381100202
1,112
2,红星村委会
0,640381100203
1,220
2,林东村委会
0,640381100205
1,220
2,先锋村委会
0,640381100206
1,220
2,林皋村委会
0,640381100207
1,220
2,新林村委会
0,640381100209
1,220
2,永丰村委会
0,640381100211
1,111
2,南庄村委会
0,640381100000
1,小坝镇
0,640381101001
1,220
2,电厂居委会
0,640381101200
1,220
2,韦桥村委会
0,640381101203
1,122
2,沙庙村委会
0,640381101204
1,121
2,大坝村委会
0,640381101205
1,112
2,利民村委会
0,640381101206
1,112
2,陈俊村委会
0,640381101207
1,220
2,蒋东村委会
0,640381101208
1,220
2,蒋南村委会
0,640381101209
1,220
2,新桥村委会
0,640381101210
1,220
2,立新村委会
0,640381101212
1,220
2,三棵树村委会
0,640381101213
1,220
2,滑石沟村委会
0,640381101215
1,220
2,王老滩村委会
0,640381101216
1,220
2,上滩村委会
0,640381101218
1,220
2,中庄村委会
0,640381101219
1,220
2,中滩村委会
0,640381101000
1,大坝镇
0,640381102001
1,121
2,峡石街居委会
0,640381102002
1,121
2,新民街居委会
0,640381102003
1,121
2,利民街居委会
0,640381102004
1,121
2,艾山街居委会
0,640381102005
1,121
2,峡西街居委会
0,640381102006
1,121
2,铝厂街居委会
0,640381102200
1,122
2,余桥村委会
0,640381102202
1,220
2,沃沙村委会
0,640381102205
1,220
2,三趟墩村委会
0,640381102206
1,220
2,广武村委会
0,640381102207
1,220
2,同兴村委会
0,640381102208
1,220
2,同进村委会
0,640381102000
1,青铜峡镇
0,640381103001
1,121
2,叶盛居委会
0,640381103200
1,220
2,龙门村委会
0,640381103201
1,220
2,光明村委会
0,640381103203
1,220
2,盛庄村委会
0,640381103204
1,121
2,叶盛村委会
0,640381103205
1,220
2,蒋滩村委会
0,640381103206
1,220
2,地三村委会
0,640381103207
1,220
2,张庄村委会
0,640381103208
1,220
2,联丰村委会
0,640381103210
1,220
2,五星村委会
0,640381103212
1,220
2,正闸村委会
0,640381103000
1,叶盛镇
0,640381104001
1,121
2,瞿靖居委会
0,640381104200
1,121
2,瞿靖村委会
0,640381104203
1,220
2,友好村委会
0,640381104204
1,220
2,尚桥村委会
0,640381104205
1,122
2,蒯桥村委会
0,640381104206
1,220
2,友谊村委会
0,640381104207
1,220
2,毛桥村委会
0,640381104208
1,220
2,时坊村委会
0,640381104209
1,220
2,蒋西村委会
0,640381104210
1,220
2,蒋顶村委会
0,640381104212
1,220
2,银光村委会
0,640381104213
1,220
2,新民村委会
0,640381104214
1,220
2,光辉村委会
0,640381104215
1,220
2,玉南村委会
0,640381104217
1,220
2,朝阳村委会
0,640381104501
1,220
2,繁殖场
0,640381104000
1,瞿靖镇
0,640381105001
1,121
2,团结新村居委会
0,640381105200
1,220
2,西滩村委会
0,640381105202
1,220
2,谭桥村委会
0,640381105203
1,220
2,汉渠村委会
0,640381105204
1,220
2,赵渠村委会
0,640381105205
1,220
2,闫渠村委会
0,640381105206
1,220
2,巴闸村委会
0,640381105207
1,121
2,任桥村委会
0,640381105208
1,220
2,沈闸村委会
0,640381105209
1,220
2,郝渠村委会
0,640381105210
1,220
2,草台子村委会
0,640381105211
1,220
2,跃进村委会
0,640381105212
1,220
2,新田村委会
0,640381105000
1,峡口镇
0,640381106001
1,121
2,连湖居委会
0,640381106200
1,121
2,邵岗村委会
0,640381106202
1,220
2,邵南村委会
0,640381106203
1,220
2,永涵村委会
0,640381106204
1,220
2,玉泉村委会
0,640381106206
1,220
2,东方红村委会
0,640381106208
1,220
2,二旗村委会
0,640381106209
1,220
2,邵西村委会
0,640381106210
1,220
2,下桥村委会
0,640381106212
1,220
2,沙湖村委会
0,640381106213
1,220
2,邵北村委会
0,640381106214
1,220
2,大沟村委会
0,640381106215
1,220
2,甘城子村委会
0,640381106216
1,220
2,玉西村委会
0,640381106217
1,220
2,同富村民委员会
0,640381106218
1,220
2,同乐村
0,640381106000
1,邵岗镇
0,640381107001
1,112
2,韵欣苑社区居民委员会
0,640381107002
1,111
2,黄河楼社区
0,640381107201
1,220
2,陈滩村委会
0,640381107202
1,111
2,袁滩村委会
0,640381107204
1,220
2,唐滩村委会
0,640381107206
1,112
2,补号村委会
0,640381107207
1,220
2,沙坝湾村委会
0,640381107000
1,陈袁滩镇
0,640381400500
1,220
2,玉泉营分场村委会
0,640381400501
1,123
2,农业公司村委会
0,640381400000
1,连湖农场
0,640381401001
1,123
2,林苑社区居民委员会
0,640381401500
1,123
2,树新分场村委会
0,640381401501
1,220
2,园艺分场村委会
0,640381401502
1,220
2,甘城子分场村委会
0,640381401000
1,树新林场
0,640381000000
1,青铜峡市
0,640300000000
1,吴忠市
0,640401000000
1,市辖区
0,640402001001
1,111
2,南寺巷社区居委会
0,640402001002
1,111
2,中心路社区居委会
0,640402001003
1,111
2,工农巷社区居委会
0,640402001004
1,111
2,宋家巷社区居委会
0,640402001005
1,111
2,中山南街社区居委会
0,640402001006
1,111
2,军民路社区居委会
0,640402001007
1,111
2,清河路社区居委会
0,640402001008
1,111
2,政府巷居委会
0,640402001009
1,111
2,西湖路社区居委会
0,640402001011
1,112
2,峡口居委会
0,640402001013
1,112
2,羊坊居委会
0,640402001014
1,111
2,东红居委会
0,640402001016
1,112
2,寇乔路社区
0,640402001000
1,南关街道办事处
0,640402002001
1,111
2,金城花园居委会
0,640402002002
1,111
2,东海园居委会
0,640402002003
1,111
2,靖朔门居委会
0,640402002004
1,111
2,西环路居委会
0,640402002005
1,111
2,小川子居委会
0,640402002006
1,111
2,警民路居委会
0,640402002007
1,111
2,明庄社区居委会
0,640402002008
1,111
2,西塬社区居委会
0,640402002009
1,111
2,西城路居委会
0,640402002011
1,111
2,饮河居委会
0,640402002013
1,111
2,海堡居委会
0,640402002014
1,111
2,祥和苑居委会
0,640402002015
1,111
2,祥瑞苑居委会
0,640402002000
1,古雁街道办事处
0,640402003001
1,111
2,文化巷社区居委会
0,640402003002
1,111
2,东关北路社区居委会
0,640402003003
1,111
2,和平门居委会
0,640402003004
1,111
2,火车站居委会
0,640402003005
1,111
2,中山北街居委会
0,640402003006
1,111
2,北关路社区居委会
0,640402003007
1,111
2,北环路社区居委会
0,640402003008
1,111
2,北海社区居委会
0,640402003010
1,112
2,郭庄居委会
0,640402003012
1,112
2,什里居委会
0,640402003000
1,北塬街道办事处
0,640402100001
1,123
2,南街居委会
0,640402100002
1,123
2,北街居委会
0,640402100200
1,220
2,东塬村委会
0,640402100202
1,220
2,戴堡村委会
0,640402100203
1,220
2,唐湾村委会
0,640402100205
1,220
2,孙家河村委会
0,640402100206
1,220
2,赵寺村委会
0,640402100207
1,122
2,老三营村委会
0,640402100208
1,121
2,新三营村委会
0,640402100209
1,122
2,华坪梁村委会
0,640402100210
1,220
2,鸦儿沟村委会
0,640402100211
1,220
2,马路村委会
0,640402100212
1,220
2,甘沟村委会
0,640402100213
1,220
2,原州区三营镇团结村委会
0,640402100226
1,220
2,安和村委会
0,640402100227
1,220
2,广和村委会
0,640402100228
1,220
2,金轮村委会
0,640402100000
1,三营镇
0,640402103200
1,220
2,官厅村委会
0,640402103201
1,220
2,后川村委会
0,640402103202
1,220
2,高庄村委会
0,640402103204
1,121
2,大堡村委会
0,640402103205
1,122
2,长城村委会
0,640402103206
1,220
2,刘店村委会
0,640402103208
1,220
2,乔洼村委会
0,640402103210
1,220
2,阳洼村委会
0,640402103213
1,121
2,高红村委会
0,640402103214
1,220
2,沙窝村委会
0,640402103215
1,220
2,薛庄村委会
0,640402103216
1,220
2,东峡村委会
0,640402103218
1,220
2,程儿山村委会
0,640402103220
1,220
2,庙台村委会
0,640402103221
1,220
2,石庄村委会
0,640402103000
1,官厅镇
0,640402104200
1,121
2,开城村委会
0,640402104201
1,220
2,柯庄村委会
0,640402104202
1,122
2,二十里铺村委会
0,640402104203
1,220
2,和泉村委会
0,640402104204
1,220
2,彭庄村委会
0,640402104205
1,220
2,大马庄村委会
0,640402104206
1,220
2,小马庄村委会
0,640402104207
1,220
2,双泉村委会
0,640402104208
1,220
2,寇庄村委会
0,640402104209
1,220
2,吴庄村委会
0,640402104210
1,220
2,深沟村委会
0,640402104211
1,220
2,冯庄村委会
0,640402104212
1,220
2,郭庙村委会
0,640402104213
1,220
2,上青石村委会
0,640402104214
1,220
2,下青石村委会
0,640402104216
1,220
2,黑刺沟村委会
0,640402104219
1,220
2,三十里铺村委会
0,640402104000
1,开城镇
0,640402105200
1,121
2,张易村委会
0,640402105203
1,220
2,毛庄村委会
0,640402105204
1,220
2,贺套村委会
0,640402105205
1,220
2,田堡村委会
0,640402105207
1,220
2,闫关村委会
0,640402105208
1,220
2,黄堡村委会
0,640402105210
1,220
2,南湾村委会
0,640402105212
1,220
2,上马泉村委会
0,640402105213
1,220
2,盐泥村委会
0,640402105214
1,220
2,陈沟村委会
0,640402105215
1,220
2,大店村委会
0,640402105216
1,220
2,马场村委会
0,640402105219
1,220
2,驼巷村委会
0,640402105220
1,220
2,宋洼村委会
0,640402105221
1,220
2,红庄村委会
0,640402105000
1,张易镇
0,640402106200
1,220
2,姚磨村委会
0,640402106201
1,220
2,硝沟村委会
0,640402106202
1,220
2,申庄村委会
0,640402106203
1,220
2,闫堡村委会
0,640402106204
1,121
2,彭堡村委会
0,640402106205
1,220
2,蒋口村委会
0,640402106206
1,220
2,河东村委会
0,640402106207
1,220
2,吴磨村委会
0,640402106208
1,220
2,撒门村委会
0,640402106210
1,220
2,石碑村委会
0,640402106212
1,220
2,别庄村委会
0,640402106213
1,220
2,杨忠堡村委会
0,640402106214
1,220
2,曹洼村委会
0,640402106215
1,220
2,惠德村委会
0,640402106000
1,彭堡镇
0,640402107200
1,220
2,头营村委会
0,640402107201
1,220
2,二营村委会
0,640402107202
1,121
2,胡大堡村委会
0,640402107203
1,220
2,南屯村委会
0,640402107204
1,220
2,徐河村委会
0,640402107205
1,220
2,马园村委会
0,640402107206
1,220
2,石羊村委会
0,640402107208
1,220
2,杨河村委会
0,640402107209
1,220
2,张崖村委会
0,640402107210
1,220
2,冯洼村委会
0,640402107211
1,220
2,坪乐村委会
0,640402107213
1,121
2,杨郎村委会
0,640402107214
1,220
2,蒋河村委会
0,640402107215
1,220
2,马店村委会
0,640402107216
1,220
2,南塬村委会
0,640402107217
1,220
2,大北山村委会
0,640402107218
1,220
2,陶庄村委会
0,640402107219
1,220
2,杨庄村委会
0,640402107220
1,220
2,大疙瘩村委会
0,640402107221
1,220
2,马庄村委会
0,640402107222
1,220
2,三和村委会
0,640402107223
1,220
2,利民村委会
0,640402107227
1,220
2,圆德村委会
0,640402107228
1,220
2,泉港村委会
0,640402107000
1,头营镇
0,640402108200
1,121
2,黄铎堡村
0,640402108201
1,220
2,南城村委会
0,640402108202
1,220
2,丰泽村委会
0,640402108203
1,220
2,金堡村委会
0,640402108204
1,220
2,曹堡村委会
0,640402108206
1,220
2,黄湾村委会
0,640402108207
1,220
2,白河村委会
0,640402108210
1,220
2,北庄村委会
0,640402108211
1,220
2,何家沟村委会
0,640402108212
1,220
2,陈庄村委会
0,640402108213
1,220
2,三岔村委会
0,640402108214
1,220
2,穆滩村委会
0,640402108215
1,220
2,铁家钩村委会
0,640402108216
1,220
2,和润村委会
0,640402108217
1,220
2,老庄村委会
0,640402108000
1,黄铎堡镇
0,640402200200
1,210
2,中河村委会
0,640402200201
1,210
2,庙湾村委会
0,640402200202
1,210
2,油坊村委会
0,640402200203
1,210
2,丰堡村委会
0,640402200204
1,220
2,黄沟村委会
0,640402200205
1,220
2,高坡村委会
0,640402200206
1,220
2,曹河村委会
0,640402200207
1,220
2,小沟村委会
0,640402200209
1,220
2,硝口村委会
0,640402200210
1,220
2,上店村委会
0,640402200211
1,220
2,红崖村委会
0,640402200000
1,中河乡
0,640402201200
1,220
2,海坪村委会
0,640402201201
1,220
2,康沟村委会
0,640402201202
1,220
2,寨洼村委会
0,640402201203
1,220
2,上台村委会
0,640402201204
1,210
2,明川村委会
0,640402201205
1,220
2,骆驼河村委会
0,640402201206
1,220
2,黄河村委会
0,640402201207
1,220
2,上坪村委会
0,640402201208
1,220
2,上黄村委会
0,640402201209
1,220
2,母家沟村委会
0,640402201000
1,河川乡
0,640402204200
1,210
2,炭山村委会
0,640402204202
1,220
2,石湾村委会
0,640402204203
1,220
2,新山村委会
0,640402204204
1,220
2,古湾村委会
0,640402204205
1,220
2,南坪村委会
0,640402204207
1,220
2,阳洼村委会
0,640402204209
1,220
2,张套村委会
0,640402204000
1,炭山乡
0,640402205200
1,210
2,东淌村委会
0,640402205201
1,220
2,新淌村委会
0,640402205202
1,220
2,北淌村委会
0,640402205203
1,220
2,大台村委会
0,640402205204
1,220
2,湾掌村委会
0,640402205205
1,220
2,蔡川村委会
0,640402205206
1,220
2,李岔村委会
0,640402205207
1,220
2,刘沟村委会
0,640402205208
1,220
2,中川村委会
0,640402205210
1,220
2,马渠村委会
0,640402205000
1,寨科乡
0,640402000000
1,原州区
0,640422100002
1,121
2,中街社区居民委员会
0,640422100004
1,121
2,民生家园社区居民委员会
0,640422100005
1,121
2,锦绣社区居民委员会
0,640422100006
1,121
2,湖滨社区居民委员会
0,640422100007
1,121
2,怡秀社区居民委员会
0,640422100008
1,121
2,钰秀社区居民委员会
0,640422100009
1,121
2,惠安社区居民委员会
0,640422100200
1,121
2,团结村委会
0,640422100201
1,220
2,大营村委会
0,640422100202
1,122
2,大滩村委会
0,640422100203
1,122
2,泉儿湾村委会
0,640422100204
1,122
2,高同村委会
0,640422100205
1,122
2,苟家新庄村委会
0,640422100206
1,220
2,夏家大路村委会
0,640422100207
1,220
2,龙王坝村委会
0,640422100208
1,220
2,马营村委会
0,640422100209
1,220
2,套子湾村委会
0,640422100210
1,122
2,万崖村委会
0,640422100211
1,220
2,芦子沟村委会
0,640422100212
1,220
2,沙葱洼村委会
0,640422100213
1,122
2,上堡村委会
0,640422100214
1,122
2,袁河村委会
0,640422100215
1,121
2,水泉村委会
0,640422100216
1,220
2,前嘴村委会
0,640422100217
1,220
2,羊路村委会
0,640422100218
1,122
2,短岔村委会
0,640422100219
1,220
2,夏寨村委会
0,640422100220
1,220
2,杨坊村委会
0,640422100221
1,220
2,杨河村委会
0,640422100222
1,121
2,何洼村委会
0,640422100223
1,220
2,水岔村委会
0,640422100224
1,220
2,酸刺沟村委会
0,640422100225
1,220
2,大坪村委会
0,640422100226
1,122
2,王昭村委会
0,640422100000
1,吉强镇
0,640422101001
1,121
2,兴隆居委会
0,640422101200
1,122
2,兴隆村委会
0,640422101201
1,220
2,罗家庄村委会
0,640422101202
1,220
2,川口村委会
0,640422101203
1,220
2,王家河村委会
0,640422101204
1,122
2,单北村委会
0,640422101205
1,122
2,单南村委会
0,640422101206
1,220
2,王家沟村委会
0,640422101207
1,220
2,陈田玉村委会
0,640422101208
1,220
2,杨茂村委会
0,640422101209
1,220
2,姚杜村委会
0,640422101210
1,220
2,马家嘴村委会
0,640422101211
1,220
2,公易村委会
0,640422101212
1,220
2,新合村委会
0,640422101213
1,220
2,岳岔村委会
0,640422101214
1,220
2,上村村委会
0,640422101215
1,220
2,洞洞村委会
0,640422101216
1,220
2,西冶村委会
0,640422101217
1,220
2,马堡村委会
0,640422101218
1,220
2,刘玉村委会
0,640422101219
1,220
2,代段村委会
0,640422101220
1,220
2,小段村委会
0,640422101221
1,220
2,黑大庄村委会
0,640422101222
1,220
2,玉桥村委会
0,640422101223
1,220
2,大岔村委会
0,640422101224
1,220
2,唐岔村委会
0,640422101225
1,220
2,黄岔村委会
0,640422101226
1,220
2,张齐村委会
0,640422101227
1,220
2,下范村委会
0,640422101228
1,220
2,团庄村委会
0,640422101229
1,220
2,范家沟村委会
0,640422101230
1,220
2,张节子村委会
0,640422101231
1,220
2,下堡子村委会
0,640422101000
1,兴隆镇
0,640422102200
1,121
2,平峰村委会
0,640422102201
1,220
2,中岔村委会
0,640422102203
1,220
2,张武村委会
0,640422102204
1,220
2,西坡村委会
0,640422102205
1,220
2,金塘村委会
0,640422102206
1,220
2,高赵村委会
0,640422102207
1,220
2,民和村委会
0,640422102208
1,220
2,八岔村委会
0,640422102209
1,220
2,权岔村委会
0,640422102210
1,220
2,焦湾村委会
0,640422102211
1,220
2,沙洼村委会
0,640422102212
1,220
2,陈滩村委会
0,640422102213
1,220
2,三合村委会
0,640422102214
1,220
2,王庆村委会
0,640422102215
1,220
2,下坪村委会
0,640422102216
1,220
2,张新堡村委会
0,640422102217
1,220
2,李营村委会
0,640422102218
1,220
2,李堡村委会
0,640422102219
1,220
2,王垴村委会
0,640422102220
1,220
2,庙坪村委会
0,640422102221
1,220
2,沿坪村委会
0,640422102222
1,220
2,李岔村委会
0,640422102000
1,平峰镇
0,640422103200
1,121
2,明台村委会
0,640422103201
1,220
2,包庄村委会
0,640422103202
1,220
2,牟荣村委会
0,640422103203
1,220
2,火家沟村委会
0,640422103204
1,220
2,韩塬村委会
0,640422103205
1,220
2,崔中村委会
0,640422103206
1,220
2,李家嘴头村委会
0,640422103207
1,220
2,东坡村委会
0,640422103208
1,220
2,火家集村委会
0,640422103209
1,220
2,西坪村委会
0,640422103210
1,220
2,保林村委会
0,640422103211
1,220
2,明荣村委会
0,640422103212
1,220
2,毛家沟村委会
0,640422103213
1,220
2,甘岔村委会
0,640422103214
1,220
2,深岔村委会
0,640422103215
1,220
2,明星村委会
0,640422103000
1,将台堡镇
0,640422200200
1,210
2,新营村委会
0,640422200201
1,220
2,上岔村委会
0,640422200202
1,220
2,黑城河村委会
0,640422200203
1,220
2,陈阳川村委会
0,640422200204
1,220
2,万达川村委会
0,640422200205
1,220
2,蒿子湾村委会
0,640422200206
1,220
2,庙儿岔村委会
0,640422200207
1,220
2,小硷滩村委会
0,640422200208
1,220
2,甘井村委会
0,640422200209
1,210
2,二府营村委会
0,640422200210
1,220
2,洞子沟村委会
0,640422200211
1,220
2,玉黄沟村委会
0,640422200212
1,220
2,红庄村委会
0,640422200213
1,220
2,甘沟村委会
0,640422200214
1,220
2,白城子村委会
0,640422200215
1,220
2,石岘子村委会
0,640422200216
1,220
2,长义山村委会
0,640422200217
1,220
2,大沙河村委会
0,640422200218
1,220
2,腰巴庄村委会
0,640422200219
1,220
2,大窑滩村委会
0,640422200222
1,220
2,车路湾村委会
0,640422200000
1,新营乡
0,640422201200
1,220
2,红耀村委会
0,640422201201
1,220
2,关儿岔村委会
0,640422201202
1,220
2,大堡村委会
0,640422201203
1,220
2,井湾村委会
0,640422201204
1,220
2,小庄村委会
0,640422201205
1,220
2,小堡村委会
0,640422201206
1,220
2,小岔沟村委会
0,640422201207
1,220
2,驼昌村委会
0,640422201208
1,220
2,张白湾村委会
0,640422201209
1,210
2,前庄村委会
0,640422201000
1,红耀乡
0,640422202200
1,210
2,田坪村委会
0,640422202201
1,220
2,赵岔村委会
0,640422202202
1,220
2,燕李村委会
0,640422202203
1,220
2,赵坪村委会
0,640422202204
1,220
2,李沟村委会
0,640422202205
1,220
2,庙山村委会
0,640422202206
1,220
2,碱滩村委会
0,640422202207
1,220
2,腰庄村委会
0,640422202208
1,220
2,黄家岔村委会
0,640422202209
1,220
2,黄家三岔村委会
0,640422202210
1,220
2,二岔村委会
0,640422202211
1,220
2,南岔村委会
0,640422202000
1,田坪乡
0,640422203200
1,210
2,马建村委会
0,640422203201
1,220
2,台子村委会
0,640422203202
1,220
2,刘垴村委会
0,640422203203
1,220
2,杨路村委会
0,640422203204
1,220
2,土窝村委会
0,640422203205
1,220
2,白台村委会
0,640422203206
1,220
2,庞湾村委会
0,640422203207
1,220
2,陈家大坪村委会
0,640422203208
1,220
2,大湾村委会
0,640422203209
1,220
2,白虎村委会
0,640422203210
1,220
2,周吴村委会
0,640422203211
1,220
2,张湾村委会
0,640422203212
1,220
2,通化村委会
0,640422203000
1,马建乡
0,640422204200
1,210
2,苏堡村委会
0,640422204201
1,220
2,红庄子村委会
0,640422204202
1,220
2,东岔村委会
0,640422204203
1,220
2,李章村委会
0,640422204204
1,220
2,蒙集村委会
0,640422204205
1,220
2,龙川村委会
0,640422204206
1,220
2,陈岔村委会
0,640422204207
1,220
2,党家岔村委会
0,640422204208
1,220
2,堡玉村委会
0,640422204209
1,220
2,立眉村委会
0,640422204210
1,220
2,和平村委会
0,640422204211
1,220
2,河滩村委会
0,640422204212
1,220
2,孟湾村委会
0,640422204213
1,220
2,王坪村委会
0,640422204214
1,220
2,张撇村委会
0,640422204215
1,220
2,毛坪村委会
0,640422204216
1,220
2,张家大岔村委会
0,640422204000
1,震湖乡
0,640422205200
1,210
2,兴平村委会
0,640422205201
1,220
2,韩垴村委会
0,640422205202
1,220
2,赵垴村委会
0,640422205203
1,220
2,团结村委会
0,640422205204
1,220
2,马沟村委会
0,640422205205
1,220
2,堡湾村委会
0,640422205206
1,220
2,杨岔村委会
0,640422205207
1,220
2,杨坪村委会
0,640422205208
1,220
2,友爱村委会
0,640422205209
1,220
2,王湾村委会
0,640422205210
1,220
2,王堡村委会
0,640422205211
1,220
2,高崖村委会
0,640422205000
1,兴平乡
0,640422206200
1,210
2,西滩村委会
0,640422206201
1,220
2,马家大岔村委会
0,640422206202
1,220
2,黑虎沟村委会
0,640422206203
1,220
2,林家沟村委会
0,640422206204
1,220
2,五岔村委会
0,640422206205
1,220
2,吊嘴村委会
0,640422206206
1,220
2,张村堡村委会
0,640422206207
1,220
2,何家庄村委会
0,640422206208
1,220
2,白家甘岔村委会
0,640422206209
1,220
2,庙湾村委会
0,640422206000
1,西滩乡
0,640422207200
1,210
2,王民村委会
0,640422207201
1,220
2,小湾村委会
0,640422207202
1,220
2,周康村委会
0,640422207203
1,220
2,学杨村委会
0,640422207204
1,220
2,三岔村委会
0,640422207205
1,220
2,下赵村委会
0,640422207206
1,220
2,二岔口村委会
0,640422207207
1,220
2,红太村委会
0,640422207208
1,220
2,二岔马村委会
0,640422207209
1,220
2,杨湾村委会
0,640422207210
1,220
2,窑坡村委会
0,640422207211
1,220
2,小岔村委会
0,640422207000
1,王民乡
0,640422208200
1,210
2,什字村委会
0,640422208201
1,220
2,谢寨村委会
0,640422208202
1,220
2,杨家庄村委会
0,640422208203
1,220
2,黄沟村委会
0,640422208204
1,220
2,南台村委会
0,640422208205
1,220
2,唐庄村委会
0,640422208206
1,220
2,李庄村委会
0,640422208207
1,220
2,温唐村委会
0,640422208208
1,220
2,北台村委会
0,640422208209
1,220
2,马家沟村委会
0,640422208210
1,220
2,保卫村委会
0,640422208211
1,220
2,新店村委会
0,640422208212
1,220
2,山庄村委会
0,640422208213
1,220
2,玉丰村委会
0,640422208214
1,220
2,余家堡子村委会
0,640422208215
1,220
2,李海村委会
0,640422208000
1,什字乡
0,640422209200
1,210
2,马莲村委会
0,640422209201
1,220
2,北山村委会
0,640422209202
1,220
2,巴都沟村委会
0,640422209203
1,220
2,张堡塬村委会
0,640422209204
1,220
2,马其沟村委会
0,640422209205
1,220
2,后庄村委会
0,640422209206
1,220
2,北坡村委会
0,640422209207
1,220
2,陆家沟村委会
0,640422209208
1,220
2,堡子山村委会
0,640422209209
1,220
2,南川村委会
0,640422209210
1,220
2,麻子湾村委会
0,640422209211
1,220
2,东洼村委会
0,640422209212
1,220
2,八代沟村委会
0,640422209213
1,220
2,罗漫沟村委会
0,640422209214
1,220
2,新堡村委会
0,640422209000
1,马莲乡
0,640422211200
1,210
2,硝河村委会
0,640422211201
1,220
2,隆堡村委会
0,640422211202
1,220
2,郎岔村委会
0,640422211203
1,220
2,范湾村委会
0,640422211204
1,220
2,红泉村委会
0,640422211205
1,220
2,关庄村委会
0,640422211206
1,220
2,高塬村委会
0,640422211207
1,220
2,苏家沟村委会
0,640422211208
1,220
2,新庄村委会
0,640422211209
1,220
2,马昌村委会
0,640422211210
1,220
2,民联村委会
0,640422211211
1,220
2,坟湾村委会
0,640422211000
1,硝河乡
0,640422212200
1,210
2,偏城村委会
0,640422212201
1,220
2,杏树湾村委会
0,640422212202
1,220
2,马家湾村委会
0,640422212203
1,220
2,高崖村委会
0,640422212204
1,220
2,伏垴村委会
0,640422212205
1,220
2,曹垴村委会
0,640422212206
1,220
2,涵江村委会
0,640422212207
1,220
2,柳林村委会
0,640422212208
1,220
2,双羊套村委会
0,640422212209
1,220
2,花儿岔村委会
0,640422212210
1,220
2,大庄村委会
0,640422212211
1,220
2,下堡村委会
0,640422212212
1,220
2,车路沟村委会
0,640422212213
1,220
2,榆木沟村委会
0,640422212214
1,220
2,上马泉村委会
0,640422212215
1,220
2,北庄村委会
0,640422212216
1,220
2,姚家庄村委会
0,640422212000
1,偏城乡
0,640422213200
1,210
2,沙沟村委会
0,640422213201
1,220
2,叶家河村委会
0,640422213202
1,220
2,中口村委会
0,640422213203
1,220
2,叶家沟村委会
0,640422213204
1,220
2,陶堡村委会
0,640422213205
1,220
2,顾家沟村委会
0,640422213206
1,220
2,大寨村委会
0,640422213207
1,210
2,东庄村委会
0,640422213208
1,220
2,东沟村委会
0,640422213210
1,220
2,满寺村委会
0,640422213211
1,220
2,阳庄村委会
0,640422213000
1,沙沟乡
0,640422214200
1,210
2,白崖村委会
0,640422214201
1,220
2,阳洼村委会
0,640422214202
1,220
2,旧堡村委会
0,640422214203
1,220
2,泉沟垴村委会
0,640422214204
1,220
2,库坊沟村委会
0,640422214205
1,220
2,小坡村委会
0,640422214207
1,220
2,红套村委会
0,640422214208
1,220
2,余套村委会
0,640422214210
1,220
2,黑窑洞村委会
0,640422214213
1,220
2,斜路洼村委会
0,640422214214
1,220
2,鹞子川村委会
0,640422214000
1,白崖乡
0,640422215200
1,210
2,石山村委会
0,640422215203
1,220
2,石洼村委会
0,640422215204
1,220
2,新开村委会
0,640422215205
1,220
2,沙岗村委会
0,640422215206
1,220
2,大红庄村委会
0,640422215207
1,220
2,小红庄村委会
0,640422215208
1,220
2,小川村委会
0,640422215209
1,220
2,元嘴村委会
0,640422215210
1,220
2,罗庄村委会
0,640422215000
1,火石寨乡
0,640422000000
1,西吉县
0,640423100004
1,121
2,红崖社区
0,640423100005
1,121
2,峰台社区
0,640423100006
1,121
2,南河社区
0,640423100007
1,121
2,星火社区
0,640423100008
1,121
2,竹林社区
0,640423100009
1,121
2,西苑社区
0,640423100010
1,121
2,隆观社区
0,640423100011
1,121
2,东观社区
0,640423100012
1,121
2,隆泉社区
0,640423100013
1,121
2,南凤嘉园社区
0,640423100203
1,220
2,咀头村委会
0,640423100205
1,220
2,三合村委会
0,640423100206
1,220
2,邓山村委会
0,640423100208
1,122
2,杨店村委会
0,640423100209
1,122
2,吴山村委会
0,640423100000
1,城关镇
0,640423101200
1,220
2,锦华村委会
0,640423101201
1,220
2,锦屏村委会
0,640423101202
1,220
2,马河村委会
0,640423101203
1,220
2,十八里村委会
0,640423101204
1,220
2,许沟村委会
0,640423101205
1,220
2,新民村委会
0,640423101206
1,220
2,张树村委会
0,640423101207
1,220
2,清泉村委会
0,640423101208
1,121
2,街道村委会
0,640423101209
1,220
2,和平村委会
0,640423101210
1,220
2,光联村委会
0,640423101000
1,沙塘镇
0,640423102200
1,121
2,联财村委会
0,640423102201
1,220
2,联合村委会
0,640423102202
1,220
2,恒光村委会
0,640423102203
1,220
2,太联村委会
0,640423102204
1,220
2,赵楼村委会
0,640423102205
1,220
2,张楼村委会
0,640423102000
1,联财镇
0,640423200200
1,220
2,清凉村委会
0,640423200201
1,220
2,新兴村委会
0,640423200202
1,210
2,陈靳村委会
0,640423200203
1,220
2,高阳村委会
0,640423200204
1,220
2,民联村委会
0,640423200205
1,220
2,何槐村委会
0,640423200206
1,220
2,新和村委会
0,640423200000
1,陈靳乡
0,640423201200
1,220
2,水磨村委会
0,640423201201
1,220
2,后海村委会
0,640423201202
1,220
2,张银村委会
0,640423201203
1,210
2,红星村委会
0,640423201204
1,220
2,三星村委会
0,640423201205
1,220
2,永丰村委会
0,640423201206
1,220
2,中台村委会
0,640423201207
1,220
2,庙湾村委会
0,640423201000
1,好水乡
0,640423202200
1,220
2,观堡村委会
0,640423202201
1,220
2,姚套村委会
0,640423202202
1,220
2,倪套村委会
0,640423202203
1,220
2,中梁村委会
0,640423202204
1,220
2,阳洼村委会
0,640423202205
1,220
2,前庄村委会
0,640423202206
1,220
2,后庄村委会
0,640423202207
1,220
2,林沟村委会
0,640423202208
1,220
2,石庙村委会
0,640423202209
1,210
2,大庄村委会
0,640423202210
1,220
2,红堡村委会
0,640423202211
1,220
2,田滩村委会
0,640423202000
1,观庄乡
0,640423203200
1,220
2,玉皇岔村委会
0,640423203201
1,220
2,串河村委会
0,640423203202
1,210
2,杨河村委会
0,640423203203
1,220
2,红旗村委会
0,640423203204
1,220
2,穆沟村委会
0,640423203000
1,杨河乡
0,640423204200
1,210
2,神林村委会
0,640423204201
1,220
2,庞庄村委会
0,640423204202
1,220
2,辛坪村委会
0,640423204203
1,220
2,双村委会
0,640423204204
1,220
2,杨野河村委会
0,640423204205
1,220
2,观音村委会
0,640423204206
1,220
2,岳村村委会
0,640423204000
1,神林乡
0,640423205200
1,220
2,杨袁村委会
0,640423205201
1,220
2,赵北孝村委会
0,640423205202
1,220
2,李哈拉村委会
0,640423205203
1,220
2,崔家湾村委会
0,640423205204
1,210
2,张程村委会
0,640423205205
1,220
2,桃园村委会
0,640423205206
1,220
2,马儿岔村委会
0,640423205207
1,220
2,五龙村委会
0,640423205000
1,张程乡
0,640423206200
1,220
2,巩龙村委会
0,640423206201
1,220
2,薛岔村委会
0,640423206202
1,220
2,卜岔村委会
0,640423206203
1,220
2,于河村委会
0,640423206204
1,210
2,冯碑村委会
0,640423206205
1,220
2,齐兴村委会
0,640423206206
1,220
2,李士村委会
0,640423206207
1,220
2,齐岔村委会
0,640423206208
1,220
2,魏沟村委会
0,640423206209
1,220
2,新化村委会
0,640423206210
1,220
2,上梁村委会
0,640423206000
1,凤岭乡
0,640423207200
1,220
2,王庄村委会
0,640423207201
1,210
2,山河村委会
0,640423207202
1,220
2,边庄村委会
0,640423207203
1,220
2,菜子川村委会
0,640423207204
1,220
2,二滩村委会
0,640423207205
1,220
2,石碑村委会
0,640423207206
1,220
2,崇安村委会
0,640423207207
1,220
2,大墁坡村委会
0,640423207000
1,山河乡
0,640423208200
1,220
2,吴沟村委会
0,640423208201
1,220
2,田柳沙村委会
0,640423208202
1,210
2,杜堡村委会
0,640423208203
1,220
2,温堡村委会
0,640423208204
1,220
2,张杜沟村委会
0,640423208205
1,220
2,杨堡村委会
0,640423208206
1,220
2,老庄村委会
0,640423208207
1,220
2,杜川村委会
0,640423208208
1,220
2,杨坡村委会
0,640423208209
1,220
2,北山村委会
0,640423208210
1,220
2,大麦沟村委会
0,640423208211
1,220
2,新庄村委会
0,640423208212
1,220
2,夏坡村委会
0,640423208213
1,220
2,前进村委会
0,640423208214
1,220
2,吕梁村委会
0,640423208000
1,温堡乡
0,640423209200
1,210
2,旧街村委会
0,640423209201
1,220
2,新街村委会
0,640423209202
1,220
2,马坪村委会
0,640423209203
1,220
2,景林村委会
0,640423209204
1,220
2,梁堡村委会
0,640423209205
1,220
2,张田村委会
0,640423209206
1,220
2,杨沟村委会
0,640423209207
1,220
2,雷王村委会
0,640423209208
1,220
2,闫庙村委会
0,640423209209
1,220
2,海子村委会
0,640423209000
1,奠安乡
0,640423000000
1,隆德县
0,640424100001
1,121
2,香水街居委会
0,640424100002
1,121
2,百泉街居委会
0,640424100003
1,121
2,泾河社区
0,640424100203
1,122
2,城关村委会
0,640424100204
1,220
2,上桥村委会
0,640424100205
1,122
2,下桥村委会
0,640424100206
1,122
2,沙源村委会
0,640424100207
1,122
2,杨家村委会
0,640424100208
1,220
2,车村村委会
0,640424100209
1,220
2,园子村委会
0,640424100210
1,122
2,沙南村委会
0,640424100211
1,220
2,新月村委会
0,640424100213
1,220
2,卡子村委会
0,640424100214
1,220
2,下寺村委会
0,640424100215
1,220
2,米岗村委会
0,640424100216
1,220
2,惠台村委会
0,640424100217
1,220
2,暖水村委会
0,640424100218
1,220
2,太阳村委会
0,640424100000
1,香水镇
0,640424101200
1,220
2,兰大庄村委会
0,640424101201
1,121
2,河北村委会
0,640424101202
1,121
2,白面村委会
0,640424101203
1,121
2,马家村委会
0,640424101204
1,220
2,泾光村委会
0,640424101205
1,220
2,下秦村委会
0,640424101206
1,220
2,上秦村委会
0,640424101207
1,220
2,北营村委会
0,640424101208
1,220
2,龙潭村委会
0,640424101209
1,121
2,余家村委会
0,640424101210
1,220
2,南庄村委会
0,640424101211
1,220
2,冶家村委会
0,640424101212
1,220
2,涝池村委会
0,640424101213
1,220
2,王家村委会
0,640424101214
1,220
2,白吉村委会
0,640424101215
1,220
2,高峰村委会
0,640424101216
1,220
2,庞东村委会
0,640424101217
1,220
2,底沟村委会
0,640424101000
1,泾河源镇
0,640424102200
1,121
2,什字村委会
0,640424102201
1,121
2,张堡村委会
0,640424102202
1,220
2,和尚铺村委会
0,640424102203
1,220
2,五里村委会
0,640424102204
1,220
2,杨庄村委会
0,640424102205
1,220
2,太阳洼村委会
0,640424102206
1,220
2,半个山村委会
0,640424102207
1,220
2,大庄村委会
0,640424102208
1,220
2,李庄村委会
0,640424102209
1,220
2,马西坡村委会
0,640424102210
1,220
2,东山坡村委会
0,640424102211
1,220
2,刘沟村委会
0,640424102212
1,220
2,周沟村委会
0,640424102213
1,220
2,蒿店村委会
0,640424102214
1,220
2,农林村委会
0,640424102218
1,220
2,幸和村委会
0,640424102222
1,220
2,集美村委会
0,640424102000
1,六盘山镇
0,640424200200
1,220
2,先锋村委会
0,640424200201
1,220
2,照明村委会
0,640424200202
1,220
2,高家沟村委会
0,640424200203
1,220
2,石嘴村委会
0,640424200206
1,220
2,张台村委会
0,640424200207
1,220
2,马河滩村委会
0,640424200208
1,220
2,南庄村委会
0,640424200209
1,220
2,西贤村委会
0,640424200210
1,210
2,杨堡村委会
0,640424200211
1,220
2,王家沟村委会
0,640424200212
1,220
2,先进村委会
0,640424200000
1,新民乡
0,640424201200
1,220
2,下金村委会
0,640424201201
1,220
2,兴明村委会
0,640424201202
1,210
2,兴盛村委会
0,640424201203
1,220
2,红旗村委会
0,640424201204
1,220
2,新旗村委会
0,640424201205
1,220
2,上黄村委会
0,640424201206
1,220
2,下黄村委会
0,640424201207
1,220
2,上金村委会
0,640424201208
1,220
2,红星村委会
0,640424201000
1,兴盛乡
0,640424202200
1,220
2,庙湾村委会
0,640424202201
1,220
2,华兴村委会
0,640424202202
1,220
2,店堡村委会
0,640424202203
1,220
2,上胭村委会
0,640424202204
1,220
2,下胭村委会
0,640424202205
1,220
2,胜利村委会
0,640424202206
1,220
2,羊槽村委会
0,640424202207
1,210
2,平凉庄村委会
0,640424202208
1,220
2,红土村委会
0,640424202209
1,220
2,向阳村委会
0,640424202210
1,220
2,沙塘村委会
0,640424202000
1,黄花乡
0,640424203200
1,220
2,六盘村委会
0,640424203201
1,220
2,何堡村委会
0,640424203202
1,220
2,瓦亭村委会
0,640424203203
1,220
2,中庄村委会
0,640424203204
1,220
2,尚坪村委会
0,640424203205
1,220
2,苏堡村委会
0,640424203206
1,220
2,绿塬村委会
0,640424203207
1,220
2,杨岭村委会
0,640424203208
1,220
2,董庄村委会
0,640424203209
1,220
2,牛营村委会
0,640424203210
1,220
2,武坪村委会
0,640424203211
1,220
2,四沟村委会
0,640424203212
1,210
2,大湾村委会
0,640424203000
1,大湾乡
0,640424000000
1,泾源县
0,640425100001
1,121
2,政府街居委会
0,640425100002
1,121
2,郑河路居委会
0,640425100003
1,121
2,友谊街居委会
0,640425100004
1,121
2,茹河街社区居委会
0,640425100005
1,121
2,富阳路社区居委会
0,640425100200
1,122
2,姚河村委会
0,640425100201
1,122
2,任湾村委会
0,640425100202
1,122
2,南山村委会
0,640425100203
1,122
2,刘台村委会
0,640425100204
1,122
2,周沟村委会
0,640425100205
1,220
2,双磨村委会
0,640425100206
1,220
2,姬山村委会
0,640425100207
1,220
2,罗堡村委会
0,640425100208
1,220
2,姜洼村委会
0,640425100209
1,220
2,袁老庄村委会
0,640425100210
1,220
2,余沟村委会
0,640425100211
1,220
2,白岔村委会
0,640425100212
1,220
2,陡坡村委会
0,640425100213
1,220
2,崾岘村委会
0,640425100214
1,220
2,中庄村委会
0,640425100215
1,220
2,玉洼村委会
0,640425100216
1,220
2,庞阳洼村委会
0,640425100000
1,白阳镇
0,640425101001
1,121
2,煤矿居委会
0,640425101200
1,121
2,北洼村委会
0,640425101201
1,220
2,李寨村委会
0,640425101202
1,220
2,路寨村委会
0,640425101203
1,220
2,石岔村委会
0,640425101204
1,220
2,山庄村委会
0,640425101205
1,220
2,孙阳村委会
0,640425101206
1,220
2,邓岔村委会
0,640425101207
1,220
2,李岔村委会
0,640425101208
1,220
2,李洼村委会
0,640425101209
1,220
2,尚台村委会
0,640425101210
1,220
2,花芦滩村委会
0,640425101211
1,220
2,陡沟村委会
0,640425101212
1,121
2,王洼村委会
0,640425101213
1,220
2,赵沟村委会
0,640425101214
1,220
2,姚岔村委会
0,640425101215
1,220
2,梁壕村委会
0,640425101216
1,220
2,杨寨村委会
0,640425101217
1,220
2,团庄村委会
0,640425101218
1,220
2,马掌村委会
0,640425101219
1,220
2,崖堡村委会
0,640425101000
1,王洼镇
0,640425102200
1,121
2,古城村委会
0,640425102201
1,122
2,刘高庄村委会
0,640425102202
1,122
2,温沟村委会
0,640425102203
1,220
2,店洼村委会
0,640425102204
1,220
2,挂马沟村委会
0,640425102205
1,122
2,任河村委会
0,640425102206
1,220
2,乃河村委会
0,640425102207
1,220
2,小岔沟村委会
0,640425102208
1,220
2,海口村委会
0,640425102209
1,220
2,羊坊坪村委会
0,640425102211
1,220
2,罗山村委会
0,640425102212
1,220
2,甘海子村委会
0,640425102213
1,220
2,王大户村委会
0,640425102214
1,220
2,丁岗堡村委会
0,640425102215
1,220
2,刘沟门村委会
0,640425102216
1,220
2,川口村委会
0,640425102217
1,220
2,田庄村委会
0,640425102218
1,220
2,郑庄村委会
0,640425102219
1,220
2,田壕村委会
0,640425102220
1,122
2,黄甫村委会
0,640425102000
1,古城镇
0,640425103200
1,220
2,宽坪村委会
0,640425103201
1,220
2,什字村委会
0,640425103202
1,122
2,上王村委会
0,640425103203
1,220
2,黑牛沟村委会
0,640425103204
1,220
2,文沟村委会
0,640425103205
1,122
2,何塬村委会
0,640425103206
1,121
2,韩堡村委会
0,640425103207
1,122
2,友联村委会
0,640425103208
1,220
2,红河村委会
0,640425103209
1,220
2,常沟村委会
0,640425103210
1,220
2,夏塬村委会
0,640425103211
1,220
2,徐塬村委会
0,640425103000
1,红河镇
0,640425200200
1,210
2,新集村委会
0,640425200201
1,220
2,张化村委会
0,640425200202
1,220
2,上蔡村委会
0,640425200203
1,220
2,谢寨村委会
0,640425200204
1,220
2,马旺堡村委会
0,640425200205
1,220
2,白林村委会
0,640425200206
1,220
2,周家庄村委会
0,640425200207
1,220
2,大伙村委会
0,640425200208
1,220
2,峁堡村委会
0,640425200209
1,220
2,何山村委会
0,640425200210
1,220
2,张湾村委会
0,640425200211
1,220
2,白河村委会
0,640425200212
1,220
2,沟口村委会
0,640425200213
1,220
2,上马洼村委会
0,640425200214
1,220
2,下马洼村委会
0,640425200215
1,220
2,姚河村委会
0,640425200216
1,220
2,太寺村委会
0,640425200217
1,220
2,白草洼村委会
0,640425200218
1,220
2,赵沟村委会
0,640425200219
1,210
2,团结村委会
0,640425200000
1,新集乡
0,640425201200
1,220
2,刘河村委会
0,640425201201
1,210
2,城阳村委会
0,640425201202
1,220
2,长城村委会
0,640425201203
1,220
2,涝池村委会
0,640425201204
1,220
2,陈沟村委会
0,640425201205
1,220
2,韩寨村委会
0,640425201206
1,220
2,杨坪村委会
0,640425201207
1,220
2,沟圈村委会
0,640425201208
1,220
2,北塬村委会
0,640425201209
1,220
2,杨塬村委会
0,640425201000
1,城阳乡
0,640425203200
1,220
2,雅石沟村委会
0,640425203201
1,220
2,小寺村委会
0,640425203202
1,220
2,小湾村委会
0,640425203203
1,210
2,冯庄村委会
0,640425203204
1,220
2,虎崾岘村委会
0,640425203205
1,220
2,茨湾村委会
0,640425203206
1,220
2,小园子村委会
0,640425203207
1,220
2,上湾村委会
0,640425203208
1,220
2,崖湾村委会
0,640425203209
1,220
2,高庄村委会
0,640425203210
1,220
2,羊草湾村委会
0,640425203000
1,冯庄乡
0,640425204200
1,220
2,榆树村委会
0,640425204201
1,220
2,李渠村委会
0,640425204202
1,220
2,吊岔村委会
0,640425204203
1,220
2,米沟村委会
0,640425204205
1,220
2,耳城村委会
0,640425204206
1,220
2,柳湾村委会
0,640425204207
1,210
2,小岔村委会
0,640425204000
1,小岔乡
0,640425205200
1,220
2,椿树岔村委会
0,640425205201
1,210
2,白杨庄村委会
0,640425205202
1,220
2,小石沟村委会
0,640425205203
1,220
2,何岘村委会
0,640425205204
1,220
2,玉塬村委会
0,640425205205
1,220
2,高岔村委会
0,640425205206
1,220
2,牛耳塬村委会
0,640425205207
1,220
2,双树村委会
0,640425205208
1,220
2,赵山庄村委会
0,640425205209
1,220
2,草滩村委会
0,640425205210
1,220
2,虎山庄村委会
0,640425205000
1,孟塬乡
0,640425206200
1,210
2,罗洼村委会
0,640425206201
1,220
2,寨科村委会
0,640425206202
1,220
2,马涝坝村委会
0,640425206203
1,220
2,张湾村委会
0,640425206204
1,220
2,石沟村委会
0,640425206205
1,220
2,薛套村委会
0,640425206206
1,220
2,崾岘村委会
0,640425206000
1,罗洼乡
0,640425207200
1,220
2,庙庄村委会
0,640425207201
1,220
2,关口村委会
0,640425207202
1,220
2,东洼村委会
0,640425207203
1,220
2,关堡台村委会
0,640425207204
1,210
2,交岔村委会
0,640425207205
1,220
2,保阳村委会
0,640425207206
1,220
2,大坪村委会
0,640425207000
1,交岔乡
0,640425208200
1,220
2,包山村委会
0,640425208202
1,210
2,草庙村委会
0,640425208203
1,220
2,赵洼村委会
0,640425208204
1,220
2,新洼村委会
0,640425208205
1,220
2,张街村委会
0,640425208206
1,220
2,曹川村委会
0,640425208207
1,220
2,丑畔村委会
0,640425208208
1,220
2,周庄村委会
0,640425208209
1,220
2,王岔村委会
0,640425208210
1,220
2,牛湾村委会
0,640425208211
1,220
2,刘塬村委会
0,640425208212
1,220
2,米塬村委会
0,640425208213
1,220
2,和沟村委会
0,640425208214
1,210
2,和谐村委会
0,640425208000
1,草庙乡
0,640425000000
1,彭阳县
0,640400000000
1,固原市
0,640501000000
1,市辖区
0,640502100002
1,111
2,向阳巷居委会
0,640502100006
1,111
2,光明居委会
0,640502100007
1,111
2,东方红居委会
0,640502100008
1,111
2,中山居委会
0,640502100009
1,111
2,长安居委会
0,640502100010
1,111
2,槐树北巷社区
0,640502100200
1,111
2,南街村委会
0,640502100201
1,112
2,西关村委会
0,640502100202
1,112
2,高庙村委会
0,640502100203
1,112
2,城北村委会
0,640502100204
1,112
2,前锋村委会
0,640502100205
1,111
2,炭场子村委会
0,640502100206
1,112
2,新墩村委会
0,640502100207
1,111
2,南关村委会
0,640502100208
1,112
2,南元村委会
0,640502100209
1,111
2,沙桥村委会
0,640502100210
1,112
2,官桥村委会
0,640502100211
1,112
2,大板村委会
0,640502100212
1,220
2,涝池村委会
0,640502100213
1,220
2,上游村委会
0,640502100000
1,滨河镇
0,640502101003
1,111
2,蔡桥路居委会
0,640502101004
1,111
2,民族巷居委会
0,640502101007
1,111
2,华西居委会
0,640502101008
1,111
2,黄河花园社区
0,640502101009
1,111
2,东花园社区
0,640502101010
1,111
2,福润苑社区
0,640502101200
1,111
2,黄湾村委会
0,640502101201
1,112
2,雍楼村委会
0,640502101202
1,112
2,双桥村委会
0,640502101203
1,112
2,郭营村委会
0,640502101204
1,112
2,蔡桥村委会
0,640502101205
1,111
2,东关村委会
0,640502101206
1,111
2,东园村委会
0,640502101207
1,112
2,五里村委会
0,640502101000
1,文昌镇
0,640502102200
1,122
2,八字渠村委会
0,640502102201
1,220
2,韩闸村委会
0,640502102202
1,122
2,双渠村委会
0,640502102203
1,122
2,史湖村委会
0,640502102204
1,220
2,冯桥村委会
0,640502102205
1,220
2,北湖村委会
0,640502102206
1,220
2,美利村委会
0,640502102207
1,220
2,瑞应村委会
0,640502102208
1,111
2,曹闸村委会
0,640502102209
1,220
2,赵桥村委会
0,640502102210
1,220
2,白桥村委会
0,640502102211
1,112
2,谢滩村委会
0,640502102212
1,220
2,新滩村委会
0,640502102213
1,220
2,红武村委会
0,640502102214
1,220
2,柔新村委会
0,640502102215
1,220
2,黑山村委会
0,640502102216
1,220
2,新星村委会
0,640502102217
1,220
2,郭滩村委会
0,640502102218
1,220
2,金沙村委会
0,640502102219
1,220
2,郑口村委会
0,640502102000
1,东园镇
0,640502103200
1,220
2,高营村委会
0,640502103201
1,220
2,沙渠村委会
0,640502103202
1,220
2,砖塔村委会
0,640502103203
1,220
2,莫楼村委会
0,640502103204
1,220
2,渡口村委会
0,640502103205
1,220
2,夹渠村委会
0,640502103206
1,220
2,镇靖村委会
0,640502103207
1,220
2,冯庄村委会
0,640502103208
1,220
2,雍湖村委会
0,640502103209
1,220
2,范庙村委会
0,640502103210
1,122
2,施庙村委会
0,640502103211
1,121
2,柔远村委会
0,640502103212
1,220
2,刘台村委会
0,640502103000
1,柔远镇
0,640502104200
1,220
2,沈桥村委会
0,640502104201
1,220
2,观音村委会
0,640502104204
1,121
2,镇北村委会
0,640502104206
1,122
2,镇西村委会
0,640502104207
1,220
2,李嘴村委会
0,640502104208
1,220
2,河沟村委会
0,640502104211
1,220
2,凯歌村委会
0,640502104212
1,220
2,胜金村委会
0,640502104213
1,220
2,关庄村委会
0,640502104214
1,220
2,李园村委会
0,640502104215
1,220
2,九塘村委会
0,640502104216
1,220
2,镇罗村委会
0,640502104000
1,镇罗镇
0,640502105200
1,220
2,福堂村委会
0,640502105201
1,220
2,福兴村委会
0,640502105202
1,220
2,羚羊村委会
0,640502105203
1,220
2,东月村委会
0,640502105204
1,121
2,宣和村委会
0,640502105205
1,220
2,何营村委会
0,640502105206
1,220
2,旧营村委会
0,640502105207
1,220
2,赵滩村委会
0,640502105208
1,220
2,三营村委会
0,640502105209
1,220
2,张洪村委会
0,640502105210
1,220
2,宏爱村委会
0,640502105211
1,220
2,马滩村委会
0,640502105212
1,220
2,汪园村委会
0,640502105213
1,220
2,永和村委会
0,640502105214
1,220
2,曹山村委会
0,640502105215
1,220
2,敬农村委会
0,640502105216
1,220
2,喜沟村委会
0,640502105217
1,220
2,丹阳村委会
0,640502105218
1,220
2,草台村委会
0,640502105219
1,220
2,华和村委会
0,640502105220
1,220
2,海和村委会
0,640502105221
1,220
2,羚和村委会
0,640502105222
1,220
2,兴海村委会
0,640502105223
1,220
2,林昌村委会
0,640502105000
1,宣和镇
0,640502106200
1,220
2,杨滩村委会
0,640502106201
1,220
2,上滩村委会
0,640502106202
1,220
2,北滩村委会
0,640502106203
1,220
2,南滩村委会
0,640502106204
1,220
2,刘湾村委会
0,640502106205
1,220
2,永丰村委会
0,640502106206
1,122
2,艾湾村委会
0,640502106207
1,121
2,永康村委会
0,640502106208
1,122
2,永南村委会
0,640502106209
1,220
2,沙滩村委会
0,640502106210
1,220
2,徐庄村委会
0,640502106212
1,220
2,乐台村委会
0,640502106213
1,220
2,景台村委会
0,640502106214
1,220
2,阳沟村委会
0,640502106215
1,220
2,丰台村委会
0,640502106216
1,220
2,达茂村委会
0,640502106217
1,220
2,城农村委会
0,640502106218
1,220
2,彩达村委会
0,640502106219
1,220
2,双达村委会
0,640502106220
1,220
2,永新村委会
0,640502106221
1,220
2,校育川村委会
0,640502106222
1,220
2,党家水村委会
0,640502106223
1,220
2,永乐村委会
0,640502106000
1,永康镇
0,640502107001
1,220
2,镇居委会
0,640502107200
1,220
2,倪滩村委会
0,640502107201
1,220
2,马路滩村委会
0,640502107202
1,220
2,枣林村委会
0,640502107203
1,121
2,大路街村委会
0,640502107204
1,122
2,刘营村委会
0,640502107205
1,220
2,高滩村委会
0,640502107206
1,220
2,李营村委会
0,640502107207
1,220
2,水车村委会
0,640502107209
1,220
2,黄套村委会
0,640502107210
1,122
2,常乐村委会
0,640502107211
1,220
2,河沿村委会
0,640502107212
1,220
2,上石棚村委会
0,640502107213
1,220
2,熊家水村委会
0,640502107214
1,220
2,罗泉村委会
0,640502107215
1,220
2,思乐村委会
0,640502107216
1,220
2,康乐村委会
0,640502107217
1,220
2,海乐村委会
0,640502107000
1,常乐镇
0,640502108001
1,111
2,迎新居委会
0,640502108003
1,111
2,绿盛居委会
0,640502108200
1,220
2,迎水村委会
0,640502108201
1,220
2,黑林村委会
0,640502108202
1,220
2,码头村委会
0,640502108203
1,220
2,鸣钟村委会
0,640502108204
1,220
2,沙坡头村委会
0,640502108205
1,220
2,孟家湾村委会
0,640502108206
1,220
2,长流水村委会
0,640502108207
1,220
2,上滩村委会
0,640502108208
1,220
2,下滩村委会
0,640502108209
1,220
2,营盘水村委会
0,640502108210
1,111
2,牛滩村委会
0,640502108211
1,112
2,夹道村委会
0,640502108212
1,220
2,杨渠村委会
0,640502108213
1,220
2,何滩村委会
0,640502108214
1,220
2,姚滩村委会
0,640502108215
1,220
2,鸣沙村委会
0,640502108216
1,220
2,南长滩村委会
0,640502108000
1,迎水桥镇
0,640502109200
1,121
2,兴仁村委会
0,640502109201
1,220
2,郝集村委会
0,640502109202
1,220
2,西里村委会
0,640502109203
1,220
2,高庄村委会
0,640502109204
1,220
2,王团村委会
0,640502109205
1,220
2,东滩村委会
0,640502109206
1,220
2,拓寨村委会
0,640502109207
1,220
2,团结村委会
0,640502109208
1,220
2,泰和村委会
0,640502109209
1,220
2,兴盛村委会
0,640502109210
1,220
2,川裕村委会
0,640502109000
1,兴仁镇
0,640502200200
1,220
2,景庄村委会
0,640502200201
1,220
2,梁水园村委会
0,640502200202
1,220
2,黄泉村委会
0,640502200204
1,220
2,深井村委会
0,640502200205
1,210
2,三眼井村委会
0,640502200206
1,220
2,新水村委会
0,640502200207
1,220
2,红圈村委会
0,640502200208
1,220
2,米粮川村委会
0,640502200000
1,香山乡
0,640502400598
1,123
2,中卫山羊选育场虚拟生活区
0,640502400000
1,中卫山羊选育场
0,640502401498
1,123
2,中卫工业园区虚拟社区
0,640502401000
1,中卫工业园区
0,640502000000
1,沙坡头区
0,640521100001
1,121
2,振兴社区居委会
0,640521100002
1,121
2,南苑社区居委会
0,640521100003
1,121
2,利民社区居委会
0,640521100004
1,121
2,红苑社区居委会
0,640521100005
1,121
2,朱营社区
0,640521100006
1,121
2,丰宁社区
0,640521100007
1,121
2,杞苑社区
0,640521100008
1,121
2,宁新社区
0,640521100200
1,220
2,新胜村委会
0,640521100201
1,121
2,白桥村委会
0,640521100202
1,122
2,郭庄村委会
0,640521100205
1,122
2,石桥村委会
0,640521100206
1,121
2,殷庄村委会
0,640521100207
1,122
2,洼路村委会
0,640521100208
1,122
2,莫嘴村委会
0,640521100209
1,122
2,东华村委会
0,640521100210
1,220
2,南桥村委会
0,640521100211
1,220
2,营盘滩村委会
0,640521100212
1,220
2,古城村委会
0,640521100213
1,220
2,新建村委会
0,640521100214
1,122
2,黄滨村委会
0,640521100000
1,宁安镇
0,640521101001
1,121
2,鸣雁社区
0,640521101200
1,220
2,黄营村委会
0,640521101201
1,220
2,薛营村委会
0,640521101202
1,121
2,鸣沙村委会
0,640521101204
1,220
2,二道渠村委会
0,640521101205
1,220
2,五道渠村委会
0,640521101208
1,220
2,李滩村委会
0,640521101212
1,220
2,长滩村委会
0,640521101213
1,220
2,长鸣村委会
0,640521101000
1,鸣沙镇
0,640521102001
1,121
2,丰安社区
0,640521102002
1,122
2,金岸社区
0,640521102200
1,122
2,张台村委会
0,640521102201
1,122
2,倪丁村委会
0,640521102204
1,220
2,史营村委会
0,640521102205
1,220
2,黄庄村委会
0,640521102206
1,220
2,关帝村委会
0,640521102207
1,220
2,王营村委会
0,640521102208
1,220
2,童庄村委会
0,640521102209
1,220
2,立新村委会
0,640521102210
1,220
2,枣一村委会
0,640521102211
1,220
2,枣二村委会
0,640521102212
1,220
2,高山寺村委会
0,640521102213
1,220
2,白马湖村委会
0,640521102214
1,220
2,新渠稍村委会
0,640521102000
1,石空镇
0,640521103001
1,121
2,安定社区
0,640521103200
1,122
2,新堡村委会
0,640521103201
1,220
2,创业村委会
0,640521103202
1,122
2,肖闸村委会
0,640521103203
1,122
2,刘营村委会
0,640521103204
1,122
2,宋营村委会
0,640521103205
1,220
2,毛营村委会
0,640521103206
1,220
2,盖湾村委会
0,640521103207
1,220
2,南湾村委会
0,640521103208
1,220
2,刘庄村委会
0,640521103209
1,220
2,吴桥村委会
0,640521103210
1,220
2,刘庙村委会
0,640521103000
1,新堡镇
0,640521104200
1,122
2,秦庄村委会
0,640521104201
1,220
2,上庄村委会
0,640521104202
1,121
2,恩和村委会
0,640521104203
1,220
2,沙滩村委会
0,640521104204
1,220
2,刘桥村委会
0,640521104205
1,220
2,华寺村委会
0,640521104206
1,220
2,朱台村委会
0,640521104207
1,220
2,曹桥村委会
0,640521104208
1,220
2,河滩村委会
0,640521104209
1,220
2,红梧村委会
0,640521104000
1,恩和镇
0,640521105001
1,220
2,长山头社区
0,640521105200
1,220
2,马莲梁村委会
0,640521105201
1,220
2,清河村委会
0,640521105202
1,220
2,唐圈村委会
0,640521105203
1,122
2,大战场村委会
0,640521105204
1,121
2,红宝村委会
0,640521105205
1,220
2,花豹湾村委会
0,640521105206
1,220
2,长山头村委会
0,640521105207
1,220
2,石喇叭村委会
0,640521105208
1,220
2,兴业村委会
0,640521105209
1,220
2,元丰村委会
0,640521105210
1,220
2,东盛村委会
0,640521105211
1,220
2,杞海村委会
0,640521105212
1,220
2,宁原村委会
0,640521105213
1,220
2,长山湖村
0,640521105000
1,大战场镇
0,640521200200
1,220
2,潘营村委会
0,640521200201
1,220
2,上桥村委会
0,640521200202
1,220
2,铁渠村委会
0,640521200203
1,220
2,靳崖村委会
0,640521200204
1,121
2,舟塔村委会
0,640521200205
1,220
2,黄桥村委会
0,640521200206
1,122
2,康滩村委会
0,640521200207
1,220
2,田滩村委会
0,640521200209
1,220
2,长桥村委会
0,640521200210
1,220
2,孔滩村委会
0,640521200000
1,舟塔乡
0,640521201200
1,220
2,白马村委会
0,640521201201
1,220
2,朱路村委会
0,640521201202
1,210
2,白路村委会
0,640521201203
1,220
2,三道湖村委会
0,640521201206
1,220
2,彰恩村委会
0,640521201000
1,白马乡
0,640521202200
1,220
2,永兴村委会
0,640521202201
1,220
2,黄羊村委会
0,640521202202
1,210
2,余丁村委会
0,640521202203
1,220
2,金沙村委会
0,640521202204
1,220
2,石空村委会
0,640521202205
1,220
2,时庄村委会
0,640521202000
1,余丁乡
0,640521204200
1,220
2,马家塘村委会
0,640521204201
1,220
2,高岭村委会
0,640521204202
1,220
2,上庄子村委会
0,640521204203
1,220
2,下庄子村委会
0,640521204204
1,220
2,周段头村委会
0,640521204205
1,220
2,北沟沿村委会
0,640521204206
1,220
2,碱台子村委会
0,640521204207
1,220
2,贺家口子村委会
0,640521204208
1,220
2,周家沟村委会
0,640521204209
1,220
2,周马庄子村委会
0,640521204210
1,220
2,五丰台村委会
0,640521204211
1,210
2,喊叫水村委会
0,640521204219
1,220
2,石泉村委会
0,640521204220
1,220
2,北沿口村委会
0,640521204221
1,220
2,田家套子村委会
0,640521204222
1,220
2,红湾新村村委会
0,640521204223
1,220
2,麦垛新村村委会
0,640521204224
1,220
2,康湾新村村委会
0,640521204225
1,220
2,车路新村村委会
0,640521204000
1,喊叫水乡
0,640521205200
1,220
2,小湾村委会
0,640521205201
1,220
2,李士村委会
0,640521205202
1,220
2,红柳村委会
0,640521205203
1,220
2,原套村委会
0,640521205204
1,220
2,徐套村委会
0,640521205205
1,220
2,白套村委会
0,640521205206
1,220
2,大滩川村委会
0,640521205207
1,220
2,田家滩村委会
0,640521205208
1,220
2,大台子村委会
0,640521205209
1,210
2,新庄子村委会
0,640521205210
1,220
2,下流水村委会
0,640521205211
1,220
2,上流水村委会
0,640521205212
1,220
2,白圈子村委会
0,640521205000
1,徐套乡
0,640521206001
1,220
2,惠民社区
0,640521206002
1,220
2,兴渠社区
0,640521206200
1,210
2,新海村
0,640521206201
1,220
2,白马梁村
0,640521206202
1,220
2,南塘村
0,640521206203
1,220
2,隆原村
0,640521206204
1,220
2,德盛村
0,640521206205
1,220
2,兴源村
0,640521206206
1,220
2,北湖村
0,640521206000
1,太阳梁乡
0,640521000000
1,中宁县
0,640522100203
1,121
2,山门村委会
0,640522100204
1,121
2,水洼村委会
0,640522100205
1,220
2,段塬村委会
0,640522100206
1,220
2,高台村委会
0,640522100207
1,220
2,堡子村委会
0,640522100208
1,220
2,武塬村委会
0,640522100209
1,121
2,王井村委会
0,640522100210
1,121
2,北海行政村
0,640522100000
1,海城镇
0,640522101200
1,220
2,李果园村委会
0,640522101201
1,220
2,罗泉村委会
0,640522101202
1,220
2,二道村委会
0,640522101203
1,220
2,红圈村委会
0,640522101204
1,220
2,韩府村委会
0,640522101205
1,220
2,马莲村委会
0,640522101206
1,122
2,李旺村委会
0,640522101207
1,121
2,团庄村委会
0,640522101208
1,220
2,七百户村委会
0,640522101209
1,220
2,杨山村委会
0,640522101210
1,122
2,杨堡村委会
0,640522101211
1,220
2,上川村委会
0,640522101212
1,220
2,九牛村委会
0,640522101213
1,220
2,罗塘村委会
0,640522101214
1,220
2,北梁村委会
0,640522101215
1,220
2,中川村委会
0,640522101216
1,220
2,黑岭村委会
0,640522101217
1,220
2,九道村委会
0,640522101218
1,220
2,新源村委会
0,640522101000
1,李旺镇
0,640522103200
1,220
2,白吉村委会
0,640522103201
1,220
2,菜园村委会
0,640522103202
1,220
2,小河村委会
0,640522103203
1,220
2,胡湾村委会
0,640522103204
1,220
2,付套村委会
0,640522103205
1,220
2,薛套村委会
0,640522103206
1,220
2,范台村委会
0,640522103207
1,220
2,园河村委会
0,640522103208
1,121
2,西安村委会
0,640522103000
1,西安镇
0,640522104200
1,121
2,唐堡村委会
0,640522104201
1,220
2,富陵村委会
0,640522104202
1,121
2,鹭海村委会
0,640522104203
1,121
2,苋麻村委会
0,640522104204
1,220
2,代店村委会
0,640522104205
1,220
2,辽坡村委会
0,640522104206
1,122
2,黑城村委会
0,640522104207
1,122
2,团庄村委会
0,640522104208
1,220
2,红城村委会
0,640522104209
1,122
2,肆营村委会
0,640522104210
1,122
2,陆窖村委会
0,640522104211
1,220
2,坪路村委会
0,640522104212
1,220
2,小河村委会
0,640522104000
1,三河镇
0,640522105200
1,220
2,砖窖村委会
0,640522105201
1,220
2,张堡村委会
0,640522105202
1,220
2,伍营村委会
0,640522105203
1,220
2,马莲村委会
0,640522105204
1,121
2,七营村委会
0,640522105205
1,220
2,南堡村委会
0,640522105206
1,220
2,马堡村委会
0,640522105207
1,220
2,下套村委会
0,640522105208
1,220
2,杨堡村委会
0,640522105209
1,122
2,北咀村委会
0,640522105210
1,220
2,盘河村委会
0,640522105211
1,220
2,八营村委会
0,640522105212
1,220
2,柴梁村委会
0,640522105213
1,220
2,高崖村委会
0,640522105000
1,七营镇
0,640522200200
1,220
2,米湾村委会
0,640522200201
1,210
2,史店村委会
0,640522200202
1,220
2,苍湾村委会
0,640522200203
1,220
2,徐坪村委会
0,640522200204
1,220
2,田拐村委会
0,640522200205
1,220
2,大川村委会
0,640522200206
1,220
2,前川村委会
0,640522200000
1,史店乡
0,640522201200
1,220
2,大嘴村委会
0,640522201201
1,210
2,树台村委会
0,640522201202
1,220
2,二百户村委会
0,640522201203
1,220
2,浪塘村委会
0,640522201204
1,220
2,红井村委会
0,640522201205
1,220
2,相桐村委会
0,640522201206
1,220
2,新庄村委会
0,640522201207
1,220
2,龚湾村委会
0,640522201208
1,220
2,韩庄村委会
0,640522201000
1,树台乡
0,640522202200
1,220
2,王湾村委会
0,640522202201
1,220
2,麻春村委会
0,640522202202
1,220
2,罗山村委会
0,640522202203
1,220
2,冯湾村委会
0,640522202204
1,220
2,张湾村委会
0,640522202205
1,220
2,贺堡村委会
0,640522202206
1,220
2,方堡村委会
0,640522202207
1,210
2,关桥村委会
0,640522202208
1,220
2,脱场村委会
0,640522202209
1,220
2,马湾村委会
0,640522202210
1,220
2,八斗村委会
0,640522202000
1,关桥乡
0,640522206200
1,220
2,香水村委会
0,640522206201
1,220
2,红古村委会
0,640522206202
1,220
2,红岸村委会
0,640522206203
1,220
2,联合村委会
0,640522206204
1,220
2,草场村委会
0,640522206205
1,220
2,三分湾村委会
0,640522206206
1,210
2,高崖村委会
0,640522206207
1,220
2,高湾村委会
0,640522206208
1,220
2,新民村委会
0,640522206209
1,220
2,振兴村委会
0,640522206000
1,高崖乡
0,640522207200
1,220
2,西沿村委会
0,640522207201
1,210
2,郑旗村委会
0,640522207202
1,220
2,何庄村委会
0,640522207203
1,220
2,后山村委会
0,640522207204
1,220
2,吴湾村委会
0,640522207205
1,220
2,老鸦村委会
0,640522207206
1,220
2,撒堡村委会
0,640522207207
1,220
2,南山村委会
0,640522207208
1,220
2,撒台村委会
0,640522207209
1,220
2,中坪村委会
0,640522207000
1,郑旗乡
0,640522208200
1,220
2,南湾村委会
0,640522208201
1,210
2,贾塘村委会
0,640522208202
1,220
2,后塘村委会
0,640522208203
1,220
2,黄坪村委会
0,640522208204
1,220
2,王塘村委会
0,640522208205
1,220
2,马营村委会
0,640522208206
1,220
2,贺川村委会
0,640522208207
1,220
2,双河村委会
0,640522208210
1,220
2,堡台村委会
0,640522208000
1,贾塘乡
0,640522209200
1,220
2,老虎村委会
0,640522209201
1,210
2,曹洼村委会
0,640522209202
1,220
2,脱烈村委会
0,640522209203
1,220
2,白崖村委会
0,640522209204
1,220
2,冶套村委会
0,640522209205
1,220
2,硝沟村委会
0,640522209206
1,220
2,南川村委会
0,640522209000
1,曹洼乡
0,640522210200
1,210
2,九彩村委会
0,640522210201
1,220
2,元套村委会
0,640522210202
1,220
2,马套村委会
0,640522210204
1,220
2,马圈村委会
0,640522210205
1,220
2,马湾村委会
0,640522210206
1,220
2,新庄村委会
0,640522210000
1,九彩乡
0,640522211200
1,220
2,团结村委会
0,640522211201
1,210
2,李俊村委会
0,640522211202
1,220
2,蔡祥村委会
0,640522211203
1,220
2,红星村委会
0,640522211204
1,220
2,联合村委会
0,640522211207
1,220
2,蒿滩村委会
0,640522211000
1,李俊乡
0,640522212201
1,220
2,杨明村委会
0,640522212202
1,220
2,张元村委会
0,640522212203
1,220
2,安堡村委会
0,640522212208
1,220
2,术川村委会
0,640522212209
1,210
2,红羊村委会
0,640522212210
1,220
2,红堡村委会
0,640522212211
1,220
2,前进村委会
0,640522212212
1,220
2,刘套村委会
0,640522212213
1,220
2,石塘村委会
0,640522212000
1,红羊乡
0,640522213200
1,220
2,高台村委会
0,640522213201
1,220
2,关庄村委会
0,640522213204
1,210
2,窑儿村委会
0,640522213205
1,220
2,庙湾村委会
0,640522213206
1,220
2,宋庄村委会
0,640522213000
1,关庄乡
0,640522214200
1,210
2,甘城村委会
0,640522214201
1,220
2,吴池村委会
0,640522214202
1,220
2,双井村委会
0,640522214203
1,220
2,乔畔村委会
0,640522214204
1,220
2,严湾村委会
0,640522214206
1,220
2,久坪村委会
0,640522214207
1,220
2,石景村委会
0,640522214208
1,220
2,三台村委会
0,640522214209
1,220
2,武塘村委会
0,640522214000
1,甘城乡
0,640522400200
1,123
2,盐池村委会
0,640522400000
1,种羊场
0,640522401598
1,123
2,虚拟村委会
0,640522401000
1,涵养林总场
0,640522402001
1,121
2,东城居委会
0,640522402002
1,121
2,南苑居委会
0,640522402003
1,121
2,西湖居委会
0,640522402004
1,121
2,北坪居委会
0,640522402400
1,121
2,黎明居委会
0,640522402401
1,121
2,建设居委会
0,640522402402
1,121
2,文联居委会
0,640522402403
1,121
2,团结居委会
0,640522402000
1,老城管理办公室
0,640522406001
1,123
2,凤凰居委会
0,640522406002
1,123
2,兴业居委会
0,640522406000
1,海兴开发区
0,640522000000
1,海原县
0,640500000000
1,中卫市
